model,scenario,inv_r2_db,t,c_mean
Original,full,-12.04,1,0.4702962726354599
Original,full,-12.04,2,0.4707519471645355
Original,full,-12.04,3,0.47008640468120577
Original,full,-12.04,4,0.47059344947338105
Original,full,-12.04,5,0.47046283185482024
Original,full,-12.04,6,0.4702708601951599
Original,full,-12.04,7,0.4702163368463516
Original,full,-12.04,8,0.47058219015598296
Original,full,-12.04,9,0.4703765124082565
Original,full,-12.04,10,0.4705055087804794
Original,full,-12.04,11,0.4703907251358032
Original,full,-12.04,12,0.4701151043176651
Original,full,-12.04,13,0.47038074731826784
Original,full,-12.04,14,0.470699217915535
Original,full,-12.04,15,0.47021472454071045
Original,full,-12.04,16,0.47054753005504607
Original,full,-12.04,17,0.47025327384471893
Original,full,-12.04,18,0.47032309174537656
Original,full,-12.04,19,0.4703837871551514
Original,full,-12.04,20,0.4703435033559799
Original,full,-12.04,21,0.47089017033576963
Original,full,-12.04,22,0.4703574001789093
Original,full,-12.04,23,0.47061570584774015
Original,full,-12.04,24,0.4708072066307068
Original,full,-12.04,25,0.4702911227941513
Original,full,-12.04,26,0.4705128103494644
Original,full,-12.04,27,0.470507824420929
Original,full,-12.04,28,0.47061616480350493
Original,full,-12.04,29,0.4703834056854248
Original,full,-12.04,30,0.4703621745109558
Original,full,-12.04,31,0.4702405512332916
Original,full,-12.04,32,0.4702979952096939
Original,full,-12.04,33,0.47029184699058535
Original,full,-12.04,34,0.4705210328102112
Original,full,-12.04,35,0.47055002152919767
Original,full,-12.04,36,0.47034784555435183
Original,full,-12.04,37,0.47029646933078767
Original,full,-12.04,38,0.4706712692975998
Original,full,-12.04,39,0.47042628526687624
Original,full,-12.04,40,0.4701797991991043
Original,full,-12.04,41,0.47090552747249603
Original,full,-12.04,42,0.47043772637844083
Original,full,-12.04,43,0.47048968374729155
Original,full,-12.04,44,0.4705240368843079
Original,full,-12.04,45,0.47024619579315186
Original,full,-12.04,46,0.4701779276132584
Original,full,-12.04,47,0.4704327881336212
Original,full,-12.04,48,0.47086833119392396
Original,full,-12.04,49,0.4706454902887344
Original,full,-12.04,50,0.47035700380802153
Original,full,-12.04,51,0.4707528352737427
Original,full,-12.04,52,0.4702294260263443
Original,full,-12.04,53,0.4708017647266388
Original,full,-12.04,54,0.4705057442188263
Original,full,-12.04,55,0.4703677326440811
Original,full,-12.04,56,0.47049517631530763
Original,full,-12.04,57,0.47049049437046053
Original,full,-12.04,58,0.4703922301530838
Original,full,-12.04,59,0.4703838437795639
Original,full,-12.04,60,0.47060572504997256
Original,full,-12.04,61,0.470410430431366
Original,full,-12.04,62,0.47037409245967865
Original,full,-12.04,63,0.4707446813583374
Original,full,-12.04,64,0.4705696105957031
Original,full,-12.04,65,0.47075161039829255
Original,full,-12.04,66,0.4703884214162827
Original,full,-12.04,67,0.4706000655889511
Original,full,-12.04,68,0.4702424943447113
Original,full,-12.04,69,0.4706961840391159
Original,full,-12.04,70,0.4703546464443207
Original,full,-12.04,71,0.4703164786100388
Original,full,-12.04,72,0.4704851806163788
Original,full,-12.04,73,0.47082139551639557
Original,full,-12.04,74,0.4702195316553116
Original,full,-12.04,75,0.4698659509420395
Original,full,-12.04,76,0.47062433063983916
Original,full,-12.04,77,0.47022887170314787
Original,full,-12.04,78,0.47044970095157623
Original,full,-12.04,79,0.4704385995864868
Original,full,-12.04,80,0.4706822901964188
Original,full,-12.04,81,0.47019834220409396
Original,full,-12.04,82,0.4705333948135376
Original,full,-12.04,83,0.4701213985681534
Original,full,-12.04,84,0.4704495817422867
Original,full,-12.04,85,0.4704105019569397
Original,full,-12.04,86,0.4707098066806793
Original,full,-12.04,87,0.47052107453346254
Original,full,-12.04,88,0.4703709363937378
Original,full,-12.04,89,0.47042143940925596
Original,full,-12.04,90,0.47063848972320554
Original,full,-12.04,91,0.4702781766653061
Original,full,-12.04,92,0.47028116285800936
Original,full,-12.04,93,0.4708391636610031
Original,full,-12.04,94,0.47085795402526853
Original,full,-12.04,95,0.4706833064556122
Original,full,-12.04,96,0.4703323066234589
Original,full,-12.04,97,0.47025867104530333
Original,full,-12.04,98,0.4707234472036362
Original,full,-12.04,99,0.4706616520881653
Original,full,-12.04,100,0.4708444684743881
Proposed,full,-12.04,1,0.31474135518074037
Proposed,full,-12.04,2,0.2025712698698044
Proposed,full,-12.04,3,0.13662927150726317
Proposed,full,-12.04,4,0.10700462684035301
Proposed,full,-12.04,5,0.08420483097434044
Proposed,full,-12.04,6,0.07545699626207351
Proposed,full,-12.04,7,0.07356036603450775
Proposed,full,-12.04,8,0.06945564746856689
Proposed,full,-12.04,9,0.0635407254099846
Proposed,full,-12.04,10,0.05838773362338543
Proposed,full,-12.04,11,0.05669214241206646
Proposed,full,-12.04,12,0.0534701619297266
Proposed,full,-12.04,13,0.05390675254166126
Proposed,full,-12.04,14,0.05144237205386162
Proposed,full,-12.04,15,0.0504287701100111
Proposed,full,-12.04,16,0.05078495778143406
Proposed,full,-12.04,17,0.05172222517430782
Proposed,full,-12.04,18,0.04926106855273247
Proposed,full,-12.04,19,0.05167164467275143
Proposed,full,-12.04,20,0.049982886761426926
Proposed,full,-12.04,21,0.05093267746269703
Proposed,full,-12.04,22,0.050480463355779645
Proposed,full,-12.04,23,0.04869864992797375
Proposed,full,-12.04,24,0.04616159163415432
Proposed,full,-12.04,25,0.04546734541654587
Proposed,full,-12.04,26,0.04544474184513092
Proposed,full,-12.04,27,0.04613965041935444
Proposed,full,-12.04,28,0.046630934253335
Proposed,full,-12.04,29,0.047150067239999774
Proposed,full,-12.04,30,0.04873659275472164
Proposed,full,-12.04,31,0.050920159369707105
Proposed,full,-12.04,32,0.05048375725746155
Proposed,full,-12.04,33,0.048336299136281013
Proposed,full,-12.04,34,0.04966370537877083
Proposed,full,-12.04,35,0.049507719650864604
Proposed,full,-12.04,36,0.04952069409191608
Proposed,full,-12.04,37,0.05117187574505806
Proposed,full,-12.04,38,0.04867334105074406
Proposed,full,-12.04,39,0.04739431925117969
Proposed,full,-12.04,40,0.04613506235182285
Proposed,full,-12.04,41,0.04771449416875839
Proposed,full,-12.04,42,0.04628348723053932
Proposed,full,-12.04,43,0.04617676250636578
Proposed,full,-12.04,44,0.046632128208875655
Proposed,full,-12.04,45,0.046657048910856244
Proposed,full,-12.04,46,0.04553013555705547
Proposed,full,-12.04,47,0.04418556615710258
Proposed,full,-12.04,48,0.043322039768099785
Proposed,full,-12.04,49,0.042111849039793016
Proposed,full,-12.04,50,0.04322745241224766
Proposed,full,-12.04,51,0.04385751336812973
Proposed,full,-12.04,52,0.0445531290024519
Proposed,full,-12.04,53,0.04460484385490417
Proposed,full,-12.04,54,0.04344516210258007
Proposed,full,-12.04,55,0.042575521022081377
Proposed,full,-12.04,56,0.04302511177957058
Proposed,full,-12.04,57,0.043591979146003726
Proposed,full,-12.04,58,0.04494781792163849
Proposed,full,-12.04,59,0.04474930055439472
Proposed,full,-12.04,60,0.04584828689694405
Proposed,full,-12.04,61,0.044844089448451994
Proposed,full,-12.04,62,0.04514660723507404
Proposed,full,-12.04,63,0.047714902088046074
Proposed,full,-12.04,64,0.047579070553183556
Proposed,full,-12.04,65,0.04833530969917774
Proposed,full,-12.04,66,0.048181989789009096
Proposed,full,-12.04,67,0.0482655581086874
Proposed,full,-12.04,68,0.04788748472929001
Proposed,full,-12.04,69,0.048198890313506125
Proposed,full,-12.04,70,0.047727225720882414
Proposed,full,-12.04,71,0.04938382841646671
Proposed,full,-12.04,72,0.0488107830286026
Proposed,full,-12.04,73,0.04780264347791672
Proposed,full,-12.04,74,0.04481006264686584
Proposed,full,-12.04,75,0.046672407537698746
Proposed,full,-12.04,76,0.04692263565957546
Proposed,full,-12.04,77,0.0477167833596468
Proposed,full,-12.04,78,0.04729321412742138
Proposed,full,-12.04,79,0.048066628724336626
Proposed,full,-12.04,80,0.04567773453891277
Proposed,full,-12.04,81,0.045028971135616304
Proposed,full,-12.04,82,0.04523634612560272
Proposed,full,-12.04,83,0.047553931921720506
Proposed,full,-12.04,84,0.051018381491303444
Proposed,full,-12.04,85,0.048198380321264264
Proposed,full,-12.04,86,0.047998004406690595
Proposed,full,-12.04,87,0.04637397602200508
Proposed,full,-12.04,88,0.0468315239995718
Proposed,full,-12.04,89,0.0486229669302702
Proposed,full,-12.04,90,0.0482710737735033
Proposed,full,-12.04,91,0.04903623089194298
Proposed,full,-12.04,92,0.04873122908174991
Proposed,full,-12.04,93,0.04844998605549335
Proposed,full,-12.04,94,0.047272170707583425
Proposed,full,-12.04,95,0.04664152972400189
Proposed,full,-12.04,96,0.046901578456163405
Proposed,full,-12.04,97,0.04589899517595768
Proposed,full,-12.04,98,0.04583666399121285
Proposed,full,-12.04,99,0.044561495259404185
Proposed,full,-12.04,100,0.04350073039531708
REKF,full,-12.04,1,0.14384498882876628
REKF,full,-12.04,2,0.14384498882876628
REKF,full,-12.04,3,0.14384498882876628
REKF,full,-12.04,4,0.14384498882876628
REKF,full,-12.04,5,0.14384498882876628
REKF,full,-12.04,6,0.14384498882876628
REKF,full,-12.04,7,0.14384498882876628
REKF,full,-12.04,8,0.14384498882876628
REKF,full,-12.04,9,0.14384498882876628
REKF,full,-12.04,10,0.14384498882876628
REKF,full,-12.04,11,0.14384498882876628
REKF,full,-12.04,12,0.14384498882876628
REKF,full,-12.04,13,0.14384498882876628
REKF,full,-12.04,14,0.14384498882876628
REKF,full,-12.04,15,0.14384498882876628
REKF,full,-12.04,16,0.14384498882876628
REKF,full,-12.04,17,0.14384498882876628
REKF,full,-12.04,18,0.14384498882876628
REKF,full,-12.04,19,0.14384498882876628
REKF,full,-12.04,20,0.14384498882876628
REKF,full,-12.04,21,0.14384498882876628
REKF,full,-12.04,22,0.14384498882876628
REKF,full,-12.04,23,0.14384498882876628
REKF,full,-12.04,24,0.14384498882876628
REKF,full,-12.04,25,0.14384498882876628
REKF,full,-12.04,26,0.14384498882876628
REKF,full,-12.04,27,0.14384498882876628
REKF,full,-12.04,28,0.14384498882876628
REKF,full,-12.04,29,0.14384498882876628
REKF,full,-12.04,30,0.14384498882876628
REKF,full,-12.04,31,0.14384498882876628
REKF,full,-12.04,32,0.14384498882876628
REKF,full,-12.04,33,0.14384498882876628
REKF,full,-12.04,34,0.14384498882876628
REKF,full,-12.04,35,0.14384498882876628
REKF,full,-12.04,36,0.14384498882876628
REKF,full,-12.04,37,0.14384498882876628
REKF,full,-12.04,38,0.14384498882876628
REKF,full,-12.04,39,0.14384498882876628
REKF,full,-12.04,40,0.14384498882876628
REKF,full,-12.04,41,0.14384498882876628
REKF,full,-12.04,42,0.14384498882876628
REKF,full,-12.04,43,0.14384498882876628
REKF,full,-12.04,44,0.14384498882876628
REKF,full,-12.04,45,0.14384498882876628
REKF,full,-12.04,46,0.14384498882876628
REKF,full,-12.04,47,0.14384498882876628
REKF,full,-12.04,48,0.14384498882876628
REKF,full,-12.04,49,0.14384498882876628
REKF,full,-12.04,50,0.14384498882876628
REKF,full,-12.04,51,0.14384498882876628
REKF,full,-12.04,52,0.14384498882876628
REKF,full,-12.04,53,0.14384498882876628
REKF,full,-12.04,54,0.14384498882876628
REKF,full,-12.04,55,0.14384498882876628
REKF,full,-12.04,56,0.14384498882876628
REKF,full,-12.04,57,0.14384498882876628
REKF,full,-12.04,58,0.14384498882876628
REKF,full,-12.04,59,0.14384498882876628
REKF,full,-12.04,60,0.14384498882876628
REKF,full,-12.04,61,0.14384498882876628
REKF,full,-12.04,62,0.14384498882876628
REKF,full,-12.04,63,0.14384498882876628
REKF,full,-12.04,64,0.14384498882876628
REKF,full,-12.04,65,0.14384498882876628
REKF,full,-12.04,66,0.14384498882876628
REKF,full,-12.04,67,0.14384498882876628
REKF,full,-12.04,68,0.14384498882876628
REKF,full,-12.04,69,0.14384498882876628
REKF,full,-12.04,70,0.14384498882876628
REKF,full,-12.04,71,0.14384498882876628
REKF,full,-12.04,72,0.14384498882876628
REKF,full,-12.04,73,0.14384498882876628
REKF,full,-12.04,74,0.14384498882876628
REKF,full,-12.04,75,0.14384498882876628
REKF,full,-12.04,76,0.14384498882876628
REKF,full,-12.04,77,0.14384498882876628
REKF,full,-12.04,78,0.14384498882876628
REKF,full,-12.04,79,0.14384498882876628
REKF,full,-12.04,80,0.14384498882876628
REKF,full,-12.04,81,0.14384498882876628
REKF,full,-12.04,82,0.14384498882876628
REKF,full,-12.04,83,0.14384498882876628
REKF,full,-12.04,84,0.14384498882876628
REKF,full,-12.04,85,0.14384498882876628
REKF,full,-12.04,86,0.14384498882876628
REKF,full,-12.04,87,0.14384498882876628
REKF,full,-12.04,88,0.14384498882876628
REKF,full,-12.04,89,0.14384498882876628
REKF,full,-12.04,90,0.14384498882876628
REKF,full,-12.04,91,0.14384498882876628
REKF,full,-12.04,92,0.14384498882876628
REKF,full,-12.04,93,0.14384498882876628
REKF,full,-12.04,94,0.14384498882876628
REKF,full,-12.04,95,0.14384498882876628
REKF,full,-12.04,96,0.14384498882876628
REKF,full,-12.04,97,0.14384498882876628
REKF,full,-12.04,98,0.14384498882876628
REKF,full,-12.04,99,0.14384498882876628
REKF,full,-12.04,100,0.14384498882876628
Original,partial,-12.04,1,0.4702704191207886
Original,partial,-12.04,2,0.47071979343891146
Original,partial,-12.04,3,0.47004851400852204
Original,partial,-12.04,4,0.4705472230911255
Original,partial,-12.04,5,0.4704520732164383
Original,partial,-12.04,6,0.47021524310112
Original,partial,-12.04,7,0.4701842129230499
Original,partial,-12.04,8,0.47054161727428434
Original,partial,-12.04,9,0.47035701870918273
Original,partial,-12.04,10,0.47044083178043367
Original,partial,-12.04,11,0.4703604131937027
Original,partial,-12.04,12,0.47007339298725126
Original,partial,-12.04,13,0.470332407951355
Original,partial,-12.04,14,0.47061656713485717
Original,partial,-12.04,15,0.4701663613319397
Original,partial,-12.04,16,0.47050983011722564
Original,partial,-12.04,17,0.47013314068317413
Original,partial,-12.04,18,0.4702807605266571
Original,partial,-12.04,19,0.4703040659427643
Original,partial,-12.04,20,0.47039839923381804
Original,partial,-12.04,21,0.4709267199039459
Original,partial,-12.04,22,0.4702174574136734
Original,partial,-12.04,23,0.47063517570495605
Original,partial,-12.04,24,0.47080470621585846
Original,partial,-12.04,25,0.47031215727329256
Original,partial,-12.04,26,0.4705645114183426
Original,partial,-12.04,27,0.47053323984146117
Original,partial,-12.04,28,0.4705793082714081
Original,partial,-12.04,29,0.47032718658447265
Original,partial,-12.04,30,0.47023860812187196
Original,partial,-12.04,31,0.47017830312252046
Original,partial,-12.04,32,0.4702952831983566
Original,partial,-12.04,33,0.4702741116285324
Original,partial,-12.04,34,0.4704825937747955
Original,partial,-12.04,35,0.4705212742090225
Original,partial,-12.04,36,0.4702545166015625
Original,partial,-12.04,37,0.4703043013811111
Original,partial,-12.04,38,0.47059621214866637
Original,partial,-12.04,39,0.47034929096698763
Original,partial,-12.04,40,0.47014589607715607
Original,partial,-12.04,41,0.47081787288188937
Original,partial,-12.04,42,0.47035862803459166
Original,partial,-12.04,43,0.4704549312591553
Original,partial,-12.04,44,0.4703423470258713
Original,partial,-12.04,45,0.4701822757720947
Original,partial,-12.04,46,0.47000761330127716
Original,partial,-12.04,47,0.47029236853122713
Original,partial,-12.04,48,0.47084315717220304
Original,partial,-12.04,49,0.4705979943275452
Original,partial,-12.04,50,0.4703443944454193
Original,partial,-12.04,51,0.4707387208938599
Original,partial,-12.04,52,0.4700773745775223
Original,partial,-12.04,53,0.47086683213710784
Original,partial,-12.04,54,0.47072249054908755
Original,partial,-12.04,55,0.4702884018421173
Original,partial,-12.04,56,0.47037666141986845
Original,partial,-12.04,57,0.47049002051353456
Original,partial,-12.04,58,0.4703797519207001
Original,partial,-12.04,59,0.47045750319957735
Original,partial,-12.04,60,0.4705969661474228
Original,partial,-12.04,61,0.4703193545341492
Original,partial,-12.04,62,0.47037595212459565
Original,partial,-12.04,63,0.4706417590379715
Original,partial,-12.04,64,0.47055189609527587
Original,partial,-12.04,65,0.4707607954740524
Original,partial,-12.04,66,0.47021726369857786
Original,partial,-12.04,67,0.47056097984313966
Original,partial,-12.04,68,0.4701991766691208
Original,partial,-12.04,69,0.47060558795928953
Original,partial,-12.04,70,0.4703452497720718
Original,partial,-12.04,71,0.47033447325229644
Original,partial,-12.04,72,0.47049740254878997
Original,partial,-12.04,73,0.4708076387643814
Original,partial,-12.04,74,0.4702367663383484
Original,partial,-12.04,75,0.4698525547981262
Original,partial,-12.04,76,0.4705779105424881
Original,partial,-12.04,77,0.4701983332633972
Original,partial,-12.04,78,0.47051487267017367
Original,partial,-12.04,79,0.47044995725154876
Original,partial,-12.04,80,0.47075903713703154
Original,partial,-12.04,81,0.4701344668865204
Original,partial,-12.04,82,0.47041683495044706
Original,partial,-12.04,83,0.4698683530092239
Original,partial,-12.04,84,0.4703910231590271
Original,partial,-12.04,85,0.4705295503139496
Original,partial,-12.04,86,0.47071335315704343
Original,partial,-12.04,87,0.47058302760124204
Original,partial,-12.04,88,0.4703486442565918
Original,partial,-12.04,89,0.470355424284935
Original,partial,-12.04,90,0.47075287997722626
Original,partial,-12.04,91,0.4702040135860443
Original,partial,-12.04,92,0.470208951830864
Original,partial,-12.04,93,0.4706221014261246
Original,partial,-12.04,94,0.4707363396883011
Original,partial,-12.04,95,0.4705437272787094
Original,partial,-12.04,96,0.4702970802783966
Original,partial,-12.04,97,0.4703439474105835
Original,partial,-12.04,98,0.4707204014062881
Original,partial,-12.04,99,0.4706216037273407
Original,partial,-12.04,100,0.4708476036787033
Proposed,partial,-12.04,1,0.13284273445606232
Proposed,partial,-12.04,2,0.021056621428579093
Proposed,partial,-12.04,3,0.002881780592724681
Proposed,partial,-12.04,4,0.0006139141856692732
Proposed,partial,-12.04,5,0.00019853706253343263
Proposed,partial,-12.04,6,0.0001066673721652478
Proposed,partial,-12.04,7,7.679345799260773e-05
Proposed,partial,-12.04,8,6.30507907771971e-05
Proposed,partial,-12.04,9,5.6865272199502215e-05
Proposed,partial,-12.04,10,5.334944835340138e-05
Proposed,partial,-12.04,11,5.299866897985339e-05
Proposed,partial,-12.04,12,5.01501086546341e-05
Proposed,partial,-12.04,13,4.988652908650692e-05
Proposed,partial,-12.04,14,5.112465405545663e-05
Proposed,partial,-12.04,15,5.133160848345142e-05
Proposed,partial,-12.04,16,5.224801898293663e-05
Proposed,partial,-12.04,17,5.2491003953036855e-05
Proposed,partial,-12.04,18,4.956946977472398e-05
Proposed,partial,-12.04,19,5.2948548545828086e-05
Proposed,partial,-12.04,20,5.1715817608055656e-05
Proposed,partial,-12.04,21,5.292999485391192e-05
Proposed,partial,-12.04,22,5.276331576169469e-05
Proposed,partial,-12.04,23,5.1978646661154924e-05
Proposed,partial,-12.04,24,5.106802454974968e-05
Proposed,partial,-12.04,25,5.117750151839573e-05
Proposed,partial,-12.04,26,5.016856448492035e-05
Proposed,partial,-12.04,27,5.133742379257455e-05
Proposed,partial,-12.04,28,5.1705961232073606e-05
Proposed,partial,-12.04,29,5.121557987877168e-05
Proposed,partial,-12.04,30,5.2024447359144685e-05
Proposed,partial,-12.04,31,5.2364697694429196e-05
Proposed,partial,-12.04,32,4.991439636796713e-05
Proposed,partial,-12.04,33,4.940240542055108e-05
Proposed,partial,-12.04,34,5.068682439741678e-05
Proposed,partial,-12.04,35,5.101919232401997e-05
Proposed,partial,-12.04,36,5.1295241428306325e-05
Proposed,partial,-12.04,37,5.14607902005082e-05
Proposed,partial,-12.04,38,4.9841287909657696e-05
Proposed,partial,-12.04,39,5.046797086833976e-05
Proposed,partial,-12.04,40,4.92085669975495e-05
Proposed,partial,-12.04,41,5.069612489023711e-05
Proposed,partial,-12.04,42,4.935250872222241e-05
Proposed,partial,-12.04,43,5.010718377889134e-05
Proposed,partial,-12.04,44,4.963037463312503e-05
Proposed,partial,-12.04,45,5.128692828293424e-05
Proposed,partial,-12.04,46,5.089682126708794e-05
Proposed,partial,-12.04,47,4.9640343786450106e-05
Proposed,partial,-12.04,48,4.985133709851652e-05
Proposed,partial,-12.04,49,4.838410677621141e-05
Proposed,partial,-12.04,50,4.9556868179934097e-05
Proposed,partial,-12.04,51,4.9612070870352906e-05
Proposed,partial,-12.04,52,5.0079834909411145e-05
Proposed,partial,-12.04,53,4.994141636416316e-05
Proposed,partial,-12.04,54,5.002782854717225e-05
Proposed,partial,-12.04,55,4.906697613478172e-05
Proposed,partial,-12.04,56,4.947106826875824e-05
Proposed,partial,-12.04,57,5.0889568592538124e-05
Proposed,partial,-12.04,58,5.130582576384768e-05
Proposed,partial,-12.04,59,4.946945045958273e-05
Proposed,partial,-12.04,60,5.074412983958609e-05
Proposed,partial,-12.04,61,4.986661806469783e-05
Proposed,partial,-12.04,62,5.017113871872425e-05
Proposed,partial,-12.04,63,5.19769913807977e-05
Proposed,partial,-12.04,64,5.135926949151326e-05
Proposed,partial,-12.04,65,5.298604373820126e-05
Proposed,partial,-12.04,66,5.295705050230026e-05
Proposed,partial,-12.04,67,5.215103847149294e-05
Proposed,partial,-12.04,68,5.075074404885527e-05
Proposed,partial,-12.04,69,5.063019088993315e-05
Proposed,partial,-12.04,70,4.954117466695607e-05
Proposed,partial,-12.04,71,5.1221784451627174e-05
Proposed,partial,-12.04,72,5.069962098787073e-05
Proposed,partial,-12.04,73,5.1090694978483955e-05
Proposed,partial,-12.04,74,4.849392644246109e-05
Proposed,partial,-12.04,75,5.125467287143692e-05
Proposed,partial,-12.04,76,5.003249862056691e-05
Proposed,partial,-12.04,77,4.913773482257966e-05
Proposed,partial,-12.04,78,5.0036372704198585e-05
Proposed,partial,-12.04,79,4.993165384803433e-05
Proposed,partial,-12.04,80,4.949965805280954e-05
Proposed,partial,-12.04,81,5.045975813118275e-05
Proposed,partial,-12.04,82,4.9524101996212266e-05
Proposed,partial,-12.04,83,5.160625842108857e-05
Proposed,partial,-12.04,84,5.196028396312613e-05
Proposed,partial,-12.04,85,4.947058696416207e-05
Proposed,partial,-12.04,86,5.152303165232297e-05
Proposed,partial,-12.04,87,4.9701276657287964e-05
Proposed,partial,-12.04,88,5.061055271653459e-05
Proposed,partial,-12.04,89,5.13968614541227e-05
Proposed,partial,-12.04,90,5.1881125909858386e-05
Proposed,partial,-12.04,91,5.1894666103180495e-05
Proposed,partial,-12.04,92,5.0168950110673904e-05
Proposed,partial,-12.04,93,5.025335194659419e-05
Proposed,partial,-12.04,94,5.088719590276014e-05
Proposed,partial,-12.04,95,5.038594208599534e-05
Proposed,partial,-12.04,96,5.093640393170062e-05
Proposed,partial,-12.04,97,4.943403364450205e-05
Proposed,partial,-12.04,98,4.971888665750157e-05
Proposed,partial,-12.04,99,4.87120145407971e-05
Proposed,partial,-12.04,100,4.885858070338145e-05
REKF,partial,-12.04,1,0.0001623776739188721
REKF,partial,-12.04,2,0.0001623776739188721
REKF,partial,-12.04,3,0.0001623776739188721
REKF,partial,-12.04,4,0.0001623776739188721
REKF,partial,-12.04,5,0.0001623776739188721
REKF,partial,-12.04,6,0.0001623776739188721
REKF,partial,-12.04,7,0.0001623776739188721
REKF,partial,-12.04,8,0.0001623776739188721
REKF,partial,-12.04,9,0.0001623776739188721
REKF,partial,-12.04,10,0.0001623776739188721
REKF,partial,-12.04,11,0.0001623776739188721
REKF,partial,-12.04,12,0.0001623776739188721
REKF,partial,-12.04,13,0.0001623776739188721
REKF,partial,-12.04,14,0.0001623776739188721
REKF,partial,-12.04,15,0.0001623776739188721
REKF,partial,-12.04,16,0.0001623776739188721
REKF,partial,-12.04,17,0.0001623776739188721
REKF,partial,-12.04,18,0.0001623776739188721
REKF,partial,-12.04,19,0.0001623776739188721
REKF,partial,-12.04,20,0.0001623776739188721
REKF,partial,-12.04,21,0.0001623776739188721
REKF,partial,-12.04,22,0.0001623776739188721
REKF,partial,-12.04,23,0.0001623776739188721
REKF,partial,-12.04,24,0.0001623776739188721
REKF,partial,-12.04,25,0.0001623776739188721
REKF,partial,-12.04,26,0.0001623776739188721
REKF,partial,-12.04,27,0.0001623776739188721
REKF,partial,-12.04,28,0.0001623776739188721
REKF,partial,-12.04,29,0.0001623776739188721
REKF,partial,-12.04,30,0.0001623776739188721
REKF,partial,-12.04,31,0.0001623776739188721
REKF,partial,-12.04,32,0.0001623776739188721
REKF,partial,-12.04,33,0.0001623776739188721
REKF,partial,-12.04,34,0.0001623776739188721
REKF,partial,-12.04,35,0.0001623776739188721
REKF,partial,-12.04,36,0.0001623776739188721
REKF,partial,-12.04,37,0.0001623776739188721
REKF,partial,-12.04,38,0.0001623776739188721
REKF,partial,-12.04,39,0.0001623776739188721
REKF,partial,-12.04,40,0.0001623776739188721
REKF,partial,-12.04,41,0.0001623776739188721
REKF,partial,-12.04,42,0.0001623776739188721
REKF,partial,-12.04,43,0.0001623776739188721
REKF,partial,-12.04,44,0.0001623776739188721
REKF,partial,-12.04,45,0.0001623776739188721
REKF,partial,-12.04,46,0.0001623776739188721
REKF,partial,-12.04,47,0.0001623776739188721
REKF,partial,-12.04,48,0.0001623776739188721
REKF,partial,-12.04,49,0.0001623776739188721
REKF,partial,-12.04,50,0.0001623776739188721
REKF,partial,-12.04,51,0.0001623776739188721
REKF,partial,-12.04,52,0.0001623776739188721
REKF,partial,-12.04,53,0.0001623776739188721
REKF,partial,-12.04,54,0.0001623776739188721
REKF,partial,-12.04,55,0.0001623776739188721
REKF,partial,-12.04,56,0.0001623776739188721
REKF,partial,-12.04,57,0.0001623776739188721
REKF,partial,-12.04,58,0.0001623776739188721
REKF,partial,-12.04,59,0.0001623776739188721
REKF,partial,-12.04,60,0.0001623776739188721
REKF,partial,-12.04,61,0.0001623776739188721
REKF,partial,-12.04,62,0.0001623776739188721
REKF,partial,-12.04,63,0.0001623776739188721
REKF,partial,-12.04,64,0.0001623776739188721
REKF,partial,-12.04,65,0.0001623776739188721
REKF,partial,-12.04,66,0.0001623776739188721
REKF,partial,-12.04,67,0.0001623776739188721
REKF,partial,-12.04,68,0.0001623776739188721
REKF,partial,-12.04,69,0.0001623776739188721
REKF,partial,-12.04,70,0.0001623776739188721
REKF,partial,-12.04,71,0.0001623776739188721
REKF,partial,-12.04,72,0.0001623776739188721
REKF,partial,-12.04,73,0.0001623776739188721
REKF,partial,-12.04,74,0.0001623776739188721
REKF,partial,-12.04,75,0.0001623776739188721
REKF,partial,-12.04,76,0.0001623776739188721
REKF,partial,-12.04,77,0.0001623776739188721
REKF,partial,-12.04,78,0.0001623776739188721
REKF,partial,-12.04,79,0.0001623776739188721
REKF,partial,-12.04,80,0.0001623776739188721
REKF,partial,-12.04,81,0.0001623776739188721
REKF,partial,-12.04,82,0.0001623776739188721
REKF,partial,-12.04,83,0.0001623776739188721
REKF,partial,-12.04,84,0.0001623776739188721
REKF,partial,-12.04,85,0.0001623776739188721
REKF,partial,-12.04,86,0.0001623776739188721
REKF,partial,-12.04,87,0.0001623776739188721
REKF,partial,-12.04,88,0.0001623776739188721
REKF,partial,-12.04,89,0.0001623776739188721
REKF,partial,-12.04,90,0.0001623776739188721
REKF,partial,-12.04,91,0.0001623776739188721
REKF,partial,-12.04,92,0.0001623776739188721
REKF,partial,-12.04,93,0.0001623776739188721
REKF,partial,-12.04,94,0.0001623776739188721
REKF,partial,-12.04,95,0.0001623776739188721
REKF,partial,-12.04,96,0.0001623776739188721
REKF,partial,-12.04,97,0.0001623776739188721
REKF,partial,-12.04,98,0.0001623776739188721
REKF,partial,-12.04,99,0.0001623776739188721
REKF,partial,-12.04,100,0.0001623776739188721
Original,full,-6.02,1,0.47035387754440305
Original,full,-6.02,2,0.4706327706575394
Original,full,-6.02,3,0.47017714381217957
Original,full,-6.02,4,0.4705294847488403
Original,full,-6.02,5,0.4705850869417191
Original,full,-6.02,6,0.47038793563842773
Original,full,-6.02,7,0.47026229798793795
Original,full,-6.02,8,0.470574352145195
Original,full,-6.02,9,0.47042462825775144
Original,full,-6.02,10,0.47058349549770356
Original,full,-6.02,11,0.47036656737327576
Original,full,-6.02,12,0.47021637856960297
Original,full,-6.02,13,0.47047659754753113
Original,full,-6.02,14,0.4707301020622253
Original,full,-6.02,15,0.470391708612442
Original,full,-6.02,16,0.4705368548631668
Original,full,-6.02,17,0.4702989250421524
Original,full,-6.02,18,0.470406836271286
Original,full,-6.02,19,0.4704518973827362
Original,full,-6.02,20,0.4703986197710037
Original,full,-6.02,21,0.47084562480449677
Original,full,-6.02,22,0.47053599953651426
Original,full,-6.02,23,0.4707537263631821
Original,full,-6.02,24,0.47074681222438813
Original,full,-6.02,25,0.4703963786363602
Original,full,-6.02,26,0.470627024769783
Original,full,-6.02,27,0.47057390213012695
Original,full,-6.02,28,0.47060937583446505
Original,full,-6.02,29,0.4703712582588196
Original,full,-6.02,30,0.47048605382442477
Original,full,-6.02,31,0.47033273577690127
Original,full,-6.02,32,0.47045515179634095
Original,full,-6.02,33,0.4703942537307739
Original,full,-6.02,34,0.4704627603292465
Original,full,-6.02,35,0.4706416130065918
Original,full,-6.02,36,0.47030003666877745
Original,full,-6.02,37,0.4704520910978317
Original,full,-6.02,38,0.4707366943359375
Original,full,-6.02,39,0.4704642206430435
Original,full,-6.02,40,0.4702527403831482
Original,full,-6.02,41,0.4707724183797836
Original,full,-6.02,42,0.4705175220966339
Original,full,-6.02,43,0.4706135392189026
Original,full,-6.02,44,0.4705414831638336
Original,full,-6.02,45,0.470354226231575
Original,full,-6.02,46,0.4703627288341522
Original,full,-6.02,47,0.47050178945064547
Original,full,-6.02,48,0.4708071738481522
Original,full,-6.02,49,0.4706153213977814
Original,full,-6.02,50,0.47043437957763673
Original,full,-6.02,51,0.47065682113170626
Original,full,-6.02,52,0.4703750669956207
Original,full,-6.02,53,0.4707771360874176
Original,full,-6.02,54,0.4706287235021591
Original,full,-6.02,55,0.47044600546360016
Original,full,-6.02,56,0.4705480635166168
Original,full,-6.02,57,0.4705106407403946
Original,full,-6.02,58,0.4704019695520401
Original,full,-6.02,59,0.4704241544008255
Original,full,-6.02,60,0.47063489258289337
Original,full,-6.02,61,0.4706248611211777
Original,full,-6.02,62,0.47046456336975095
Original,full,-6.02,63,0.4707206845283508
Original,full,-6.02,64,0.4705729097127914
Original,full,-6.02,65,0.4707695573568344
Original,full,-6.02,66,0.4703583776950836
Original,full,-6.02,67,0.470575875043869
Original,full,-6.02,68,0.47031243741512296
Original,full,-6.02,69,0.47068527042865754
Original,full,-6.02,70,0.47045292854309084
Original,full,-6.02,71,0.47043456733226774
Original,full,-6.02,72,0.4704959273338318
Original,full,-6.02,73,0.47074663937091826
Original,full,-6.02,74,0.4704123854637146
Original,full,-6.02,75,0.4701071709394455
Original,full,-6.02,76,0.470631605386734
Original,full,-6.02,77,0.470313173532486
Original,full,-6.02,78,0.4705479472875595
Original,full,-6.02,79,0.4704441994428635
Original,full,-6.02,80,0.4708344727754593
Original,full,-6.02,81,0.4701997756958008
Original,full,-6.02,82,0.47060627639293673
Original,full,-6.02,83,0.470202311873436
Original,full,-6.02,84,0.4705021530389786
Original,full,-6.02,85,0.47055307030677795
Original,full,-6.02,86,0.470665043592453
Original,full,-6.02,87,0.47043706476688385
Original,full,-6.02,88,0.47044421136379244
Original,full,-6.02,89,0.47041456699371337
Original,full,-6.02,90,0.47066485285758974
Original,full,-6.02,91,0.4703987896442413
Original,full,-6.02,92,0.4703582674264908
Original,full,-6.02,93,0.4707518607378006
Original,full,-6.02,94,0.4707775264978409
Original,full,-6.02,95,0.4705959677696228
Original,full,-6.02,96,0.47053455710411074
Original,full,-6.02,97,0.47029527127742765
Original,full,-6.02,98,0.470595583319664
Original,full,-6.02,99,0.4706021070480347
Original,full,-6.02,100,0.4707965314388275
Proposed,full,-6.02,1,0.19635951668024063
Proposed,full,-6.02,2,0.10260453224182128
Proposed,full,-6.02,3,0.05683703161776066
Proposed,full,-6.02,4,0.044452134147286416
Proposed,full,-6.02,5,0.03736008647829294
Proposed,full,-6.02,6,0.03559249918907881
Proposed,full,-6.02,7,0.03539982121437788
Proposed,full,-6.02,8,0.036546685919165614
Proposed,full,-6.02,9,0.034927697852253914
Proposed,full,-6.02,10,0.033632530085742476
Proposed,full,-6.02,11,0.03336501624435186
Proposed,full,-6.02,12,0.02928246557712555
Proposed,full,-6.02,13,0.029495779238641263
Proposed,full,-6.02,14,0.030975387990474702
Proposed,full,-6.02,15,0.03154187966138124
Proposed,full,-6.02,16,0.033304831571877004
Proposed,full,-6.02,17,0.033032739721238616
Proposed,full,-6.02,18,0.029564963653683662
Proposed,full,-6.02,19,0.032773064076900484
Proposed,full,-6.02,20,0.03153243456035852
Proposed,full,-6.02,21,0.03446534648537636
Proposed,full,-6.02,22,0.03477557059377432
Proposed,full,-6.02,23,0.034171598590910436
Proposed,full,-6.02,24,0.03426811452955007
Proposed,full,-6.02,25,0.032721895910799506
Proposed,full,-6.02,26,0.03263532128185034
Proposed,full,-6.02,27,0.034584487043321135
Proposed,full,-6.02,28,0.03542439769953489
Proposed,full,-6.02,29,0.0345586134120822
Proposed,full,-6.02,30,0.03455584235489369
Proposed,full,-6.02,31,0.035221878252923486
Proposed,full,-6.02,32,0.034234021045267585
Proposed,full,-6.02,33,0.03113524429500103
Proposed,full,-6.02,34,0.031987106800079344
Proposed,full,-6.02,35,0.034144209884107116
Proposed,full,-6.02,36,0.03383574839681387
Proposed,full,-6.02,37,0.03416619431227445
Proposed,full,-6.02,38,0.034538484551012515
Proposed,full,-6.02,39,0.03216332588344813
Proposed,full,-6.02,40,0.028965627402067186
Proposed,full,-6.02,41,0.032059616222977635
Proposed,full,-6.02,42,0.03201307225972414
Proposed,full,-6.02,43,0.03242823220789433
Proposed,full,-6.02,44,0.03204982355237007
Proposed,full,-6.02,45,0.031050436198711395
Proposed,full,-6.02,46,0.029140524566173553
Proposed,full,-6.02,47,0.028523918986320496
Proposed,full,-6.02,48,0.030272561125457287
Proposed,full,-6.02,49,0.03055648896843195
Proposed,full,-6.02,50,0.029449976794421674
Proposed,full,-6.02,51,0.030917833931744097
Proposed,full,-6.02,52,0.029999384470283986
Proposed,full,-6.02,53,0.03154791425913572
Proposed,full,-6.02,54,0.03115220833569765
Proposed,full,-6.02,55,0.029565972089767457
Proposed,full,-6.02,56,0.029419527761638163
Proposed,full,-6.02,57,0.03027703072875738
Proposed,full,-6.02,58,0.030630049481987952
Proposed,full,-6.02,59,0.03100096732378006
Proposed,full,-6.02,60,0.03219095952808857
Proposed,full,-6.02,61,0.031396047584712504
Proposed,full,-6.02,62,0.03146715946495533
Proposed,full,-6.02,63,0.03438201397657394
Proposed,full,-6.02,64,0.03335656523704529
Proposed,full,-6.02,65,0.035965705290436745
Proposed,full,-6.02,66,0.0366134699434042
Proposed,full,-6.02,67,0.03488579001277685
Proposed,full,-6.02,68,0.03285012319684029
Proposed,full,-6.02,69,0.0342696176841855
Proposed,full,-6.02,70,0.031829651445150375
Proposed,full,-6.02,71,0.030577819608151913
Proposed,full,-6.02,72,0.03172301929444075
Proposed,full,-6.02,73,0.03353538662195206
Proposed,full,-6.02,74,0.03042363151907921
Proposed,full,-6.02,75,0.028730418533086777
Proposed,full,-6.02,76,0.03032755237072706
Proposed,full,-6.02,77,0.029115603864192964
Proposed,full,-6.02,78,0.02907134685665369
Proposed,full,-6.02,79,0.030775018595159055
Proposed,full,-6.02,80,0.03117222934961319
Proposed,full,-6.02,81,0.02855673786252737
Proposed,full,-6.02,82,0.028660842403769492
Proposed,full,-6.02,83,0.02890346273779869
Proposed,full,-6.02,84,0.032890656404197215
Proposed,full,-6.02,85,0.03115377575159073
Proposed,full,-6.02,86,0.031628390029072764
Proposed,full,-6.02,87,0.030277816019952296
Proposed,full,-6.02,88,0.029886270128190517
Proposed,full,-6.02,89,0.0305084265768528
Proposed,full,-6.02,90,0.03169337287545204
Proposed,full,-6.02,91,0.034014126472175124
Proposed,full,-6.02,92,0.030411375127732752
Proposed,full,-6.02,93,0.03221368379890919
Proposed,full,-6.02,94,0.03217792548239231
Proposed,full,-6.02,95,0.03252431936562061
Proposed,full,-6.02,96,0.03184050526469946
Proposed,full,-6.02,97,0.029513790272176266
Proposed,full,-6.02,98,0.02944334875792265
Proposed,full,-6.02,99,0.0292391374707222
Proposed,full,-6.02,100,0.030450852774083614
REKF,full,-6.02,1,0.05455594781168514
REKF,full,-6.02,2,0.05455594781168514
REKF,full,-6.02,3,0.05455594781168514
REKF,full,-6.02,4,0.05455594781168514
REKF,full,-6.02,5,0.05455594781168514
REKF,full,-6.02,6,0.05455594781168514
REKF,full,-6.02,7,0.05455594781168514
REKF,full,-6.02,8,0.05455594781168514
REKF,full,-6.02,9,0.05455594781168514
REKF,full,-6.02,10,0.05455594781168514
REKF,full,-6.02,11,0.05455594781168514
REKF,full,-6.02,12,0.05455594781168514
REKF,full,-6.02,13,0.05455594781168514
REKF,full,-6.02,14,0.05455594781168514
REKF,full,-6.02,15,0.05455594781168514
REKF,full,-6.02,16,0.05455594781168514
REKF,full,-6.02,17,0.05455594781168514
REKF,full,-6.02,18,0.05455594781168514
REKF,full,-6.02,19,0.05455594781168514
REKF,full,-6.02,20,0.05455594781168514
REKF,full,-6.02,21,0.05455594781168514
REKF,full,-6.02,22,0.05455594781168514
REKF,full,-6.02,23,0.05455594781168514
REKF,full,-6.02,24,0.05455594781168514
REKF,full,-6.02,25,0.05455594781168514
REKF,full,-6.02,26,0.05455594781168514
REKF,full,-6.02,27,0.05455594781168514
REKF,full,-6.02,28,0.05455594781168514
REKF,full,-6.02,29,0.05455594781168514
REKF,full,-6.02,30,0.05455594781168514
REKF,full,-6.02,31,0.05455594781168514
REKF,full,-6.02,32,0.05455594781168514
REKF,full,-6.02,33,0.05455594781168514
REKF,full,-6.02,34,0.05455594781168514
REKF,full,-6.02,35,0.05455594781168514
REKF,full,-6.02,36,0.05455594781168514
REKF,full,-6.02,37,0.05455594781168514
REKF,full,-6.02,38,0.05455594781168514
REKF,full,-6.02,39,0.05455594781168514
REKF,full,-6.02,40,0.05455594781168514
REKF,full,-6.02,41,0.05455594781168514
REKF,full,-6.02,42,0.05455594781168514
REKF,full,-6.02,43,0.05455594781168514
REKF,full,-6.02,44,0.05455594781168514
REKF,full,-6.02,45,0.05455594781168514
REKF,full,-6.02,46,0.05455594781168514
REKF,full,-6.02,47,0.05455594781168514
REKF,full,-6.02,48,0.05455594781168514
REKF,full,-6.02,49,0.05455594781168514
REKF,full,-6.02,50,0.05455594781168514
REKF,full,-6.02,51,0.05455594781168514
REKF,full,-6.02,52,0.05455594781168514
REKF,full,-6.02,53,0.05455594781168514
REKF,full,-6.02,54,0.05455594781168514
REKF,full,-6.02,55,0.05455594781168514
REKF,full,-6.02,56,0.05455594781168514
REKF,full,-6.02,57,0.05455594781168514
REKF,full,-6.02,58,0.05455594781168514
REKF,full,-6.02,59,0.05455594781168514
REKF,full,-6.02,60,0.05455594781168514
REKF,full,-6.02,61,0.05455594781168514
REKF,full,-6.02,62,0.05455594781168514
REKF,full,-6.02,63,0.05455594781168514
REKF,full,-6.02,64,0.05455594781168514
REKF,full,-6.02,65,0.05455594781168514
REKF,full,-6.02,66,0.05455594781168514
REKF,full,-6.02,67,0.05455594781168514
REKF,full,-6.02,68,0.05455594781168514
REKF,full,-6.02,69,0.05455594781168514
REKF,full,-6.02,70,0.05455594781168514
REKF,full,-6.02,71,0.05455594781168514
REKF,full,-6.02,72,0.05455594781168514
REKF,full,-6.02,73,0.05455594781168514
REKF,full,-6.02,74,0.05455594781168514
REKF,full,-6.02,75,0.05455594781168514
REKF,full,-6.02,76,0.05455594781168514
REKF,full,-6.02,77,0.05455594781168514
REKF,full,-6.02,78,0.05455594781168514
REKF,full,-6.02,79,0.05455594781168514
REKF,full,-6.02,80,0.05455594781168514
REKF,full,-6.02,81,0.05455594781168514
REKF,full,-6.02,82,0.05455594781168514
REKF,full,-6.02,83,0.05455594781168514
REKF,full,-6.02,84,0.05455594781168514
REKF,full,-6.02,85,0.05455594781168514
REKF,full,-6.02,86,0.05455594781168514
REKF,full,-6.02,87,0.05455594781168514
REKF,full,-6.02,88,0.05455594781168514
REKF,full,-6.02,89,0.05455594781168514
REKF,full,-6.02,90,0.05455594781168514
REKF,full,-6.02,91,0.05455594781168514
REKF,full,-6.02,92,0.05455594781168514
REKF,full,-6.02,93,0.05455594781168514
REKF,full,-6.02,94,0.05455594781168514
REKF,full,-6.02,95,0.05455594781168514
REKF,full,-6.02,96,0.05455594781168514
REKF,full,-6.02,97,0.05455594781168514
REKF,full,-6.02,98,0.05455594781168514
REKF,full,-6.02,99,0.05455594781168514
REKF,full,-6.02,100,0.05455594781168514
Original,partial,-6.02,1,0.4703050911426544
Original,partial,-6.02,2,0.47058377265930174
Original,partial,-6.02,3,0.47011021673679354
Original,partial,-6.02,4,0.4704523980617523
Original,partial,-6.02,5,0.4705218106508255
Original,partial,-6.02,6,0.4702897101640701
Original,partial,-6.02,7,0.4701730012893677
Original,partial,-6.02,8,0.47043939530849455
Original,partial,-6.02,9,0.470273557305336
Original,partial,-6.02,10,0.4704456001520157
Original,partial,-6.02,11,0.4704001545906067
Original,partial,-6.02,12,0.4702164441347122
Original,partial,-6.02,13,0.4704441010951996
Original,partial,-6.02,14,0.4706751465797424
Original,partial,-6.02,15,0.47029178142547606
Original,partial,-6.02,16,0.47043074369430543
Original,partial,-6.02,17,0.4702005505561829
Original,partial,-6.02,18,0.47035934329032897
Original,partial,-6.02,19,0.470408034324646
Original,partial,-6.02,20,0.4702640652656555
Original,partial,-6.02,21,0.47073771357536315
Original,partial,-6.02,22,0.47044611871242525
Original,partial,-6.02,23,0.47068223655223845
Original,partial,-6.02,24,0.47061887383461
Original,partial,-6.02,25,0.4702410757541656
Original,partial,-6.02,26,0.47051275074481963
Original,partial,-6.02,27,0.4704985409975052
Original,partial,-6.02,28,0.47051578760147095
Original,partial,-6.02,29,0.4702683389186859
Original,partial,-6.02,30,0.47038401663303375
Original,partial,-6.02,31,0.4701861381530762
Original,partial,-6.02,32,0.47037482261657715
Original,partial,-6.02,33,0.47040630877017975
Original,partial,-6.02,34,0.4703744173049927
Original,partial,-6.02,35,0.47056892812252044
Original,partial,-6.02,36,0.47016255259513856
Original,partial,-6.02,37,0.47029379904270174
Original,partial,-6.02,38,0.47065911889076234
Original,partial,-6.02,39,0.47043418884277344
Original,partial,-6.02,40,0.47014049589633944
Original,partial,-6.02,41,0.47069391012191775
Original,partial,-6.02,42,0.47041537165641784
Original,partial,-6.02,43,0.4705309569835663
Original,partial,-6.02,44,0.47049537897109983
Original,partial,-6.02,45,0.4703176885843277
Original,partial,-6.02,46,0.47029503881931306
Original,partial,-6.02,47,0.47041251957416536
Original,partial,-6.02,48,0.4706837832927704
Original,partial,-6.02,49,0.47048035860061643
Original,partial,-6.02,50,0.4702985852956772
Original,partial,-6.02,51,0.4705801010131836
Original,partial,-6.02,52,0.4702201157808304
Original,partial,-6.02,53,0.4707550495862961
Original,partial,-6.02,54,0.47061370611190795
Original,partial,-6.02,55,0.4703231692314148
Original,partial,-6.02,56,0.47052110731601715
Original,partial,-6.02,57,0.4704884886741638
Original,partial,-6.02,58,0.47030735313892363
Original,partial,-6.02,59,0.4703898996114731
Original,partial,-6.02,60,0.470512193441391
Original,partial,-6.02,61,0.470501047372818
Original,partial,-6.02,62,0.47040911614894865
Original,partial,-6.02,63,0.47056332528591155
Original,partial,-6.02,64,0.47050570547580717
Original,partial,-6.02,65,0.4706934869289398
Original,partial,-6.02,66,0.47025270760059357
Original,partial,-6.02,67,0.4704420745372772
Original,partial,-6.02,68,0.4701970010995865
Original,partial,-6.02,69,0.4705561697483063
Original,partial,-6.02,70,0.47032431662082674
Original,partial,-6.02,71,0.4703932911157608
Original,partial,-6.02,72,0.470414337515831
Original,partial,-6.02,73,0.47063882648944855
Original,partial,-6.02,74,0.4703500807285309
Original,partial,-6.02,75,0.47009841799736024
Original,partial,-6.02,76,0.47054890990257264
Original,partial,-6.02,77,0.47027614414691926
Original,partial,-6.02,78,0.4705257147550583
Original,partial,-6.02,79,0.4704336553812027
Original,partial,-6.02,80,0.47083543837070463
Original,partial,-6.02,81,0.4700794517993927
Original,partial,-6.02,82,0.47047752141952515
Original,partial,-6.02,83,0.4701293081045151
Original,partial,-6.02,84,0.4704351186752319
Original,partial,-6.02,85,0.47050661444664
Original,partial,-6.02,86,0.470522540807724
Original,partial,-6.02,87,0.4702923268079758
Original,partial,-6.02,88,0.4703262984752655
Original,partial,-6.02,89,0.4702973455190659
Original,partial,-6.02,90,0.4705933541059494
Original,partial,-6.02,91,0.47032425105571746
Original,partial,-6.02,92,0.4702501237392426
Original,partial,-6.02,93,0.4707174599170685
Original,partial,-6.02,94,0.4705573976039886
Original,partial,-6.02,95,0.47046964466571806
Original,partial,-6.02,96,0.47040258049964906
Original,partial,-6.02,97,0.47029646635055544
Original,partial,-6.02,98,0.47048466801643374
Original,partial,-6.02,99,0.47053727209568025
Original,partial,-6.02,100,0.4707439601421356
Proposed,partial,-6.02,1,0.23395360261201859
Proposed,partial,-6.02,2,0.08837479166686535
Proposed,partial,-6.02,3,0.032134758308529854
Proposed,partial,-6.02,4,0.015512366127222777
Proposed,partial,-6.02,5,0.008427488338202237
Proposed,partial,-6.02,6,0.005361586948856712
Proposed,partial,-6.02,7,0.0038237181957811116
Proposed,partial,-6.02,8,0.0027811639127321543
Proposed,partial,-6.02,9,0.0022272282047197224
Proposed,partial,-6.02,10,0.0017888273461721838
Proposed,partial,-6.02,11,0.0015862324042245745
Proposed,partial,-6.02,12,0.001324844639748335
Proposed,partial,-6.02,13,0.001221548073226586
Proposed,partial,-6.02,14,0.001226050709374249
Proposed,partial,-6.02,15,0.0011971291271038354
Proposed,partial,-6.02,16,0.0012147746281698346
Proposed,partial,-6.02,17,0.0012229293701238931
Proposed,partial,-6.02,18,0.0010979831335134805
Proposed,partial,-6.02,19,0.0011975289962720126
Proposed,partial,-6.02,20,0.0011511514894664288
Proposed,partial,-6.02,21,0.001217061164788902
Proposed,partial,-6.02,22,0.001244345190934837
Proposed,partial,-6.02,23,0.0012241250602528452
Proposed,partial,-6.02,24,0.001175843138480559
Proposed,partial,-6.02,25,0.0011658721254207195
Proposed,partial,-6.02,26,0.0010947528702672572
Proposed,partial,-6.02,27,0.0011149461381137371
Proposed,partial,-6.02,28,0.0011532995849847794
Proposed,partial,-6.02,29,0.0011127732519526034
Proposed,partial,-6.02,30,0.0011388411629013717
Proposed,partial,-6.02,31,0.0011518178216647357
Proposed,partial,-6.02,32,0.0010611986799631268
Proposed,partial,-6.02,33,0.0010166822699829935
Proposed,partial,-6.02,34,0.001025101449340582
Proposed,partial,-6.02,35,0.0010689262126106769
Proposed,partial,-6.02,36,0.0010647978051565588
Proposed,partial,-6.02,37,0.0010853856452740728
Proposed,partial,-6.02,38,0.0010636221210006624
Proposed,partial,-6.02,39,0.0010357920138631016
Proposed,partial,-6.02,40,0.0009682255738880485
Proposed,partial,-6.02,41,0.001023142837220803
Proposed,partial,-6.02,42,0.001007659762399271
Proposed,partial,-6.02,43,0.0010369217838160695
Proposed,partial,-6.02,44,0.0010013229737523943
Proposed,partial,-6.02,45,0.0010480957163963467
Proposed,partial,-6.02,46,0.0010419099708087742
Proposed,partial,-6.02,47,0.001001475687371567
Proposed,partial,-6.02,48,0.0010254484077449888
Proposed,partial,-6.02,49,0.0009606230480130762
Proposed,partial,-6.02,50,0.0009741950314491987
Proposed,partial,-6.02,51,0.0009852764836978168
Proposed,partial,-6.02,52,0.0009894063230603933
Proposed,partial,-6.02,53,0.0010064008121844382
Proposed,partial,-6.02,54,0.0009913499117828906
Proposed,partial,-6.02,55,0.0009644800040405244
Proposed,partial,-6.02,56,0.0009663207340054214
Proposed,partial,-6.02,57,0.0010203456040471792
Proposed,partial,-6.02,58,0.0010492835193872453
Proposed,partial,-6.02,59,0.0009913258894812317
Proposed,partial,-6.02,60,0.001023627200629562
Proposed,partial,-6.02,61,0.001006277109263465
Proposed,partial,-6.02,62,0.0010200869815889745
Proposed,partial,-6.02,63,0.001108708290848881
Proposed,partial,-6.02,64,0.0010940060834400355
Proposed,partial,-6.02,65,0.0011578102596104145
Proposed,partial,-6.02,66,0.0011723926523700356
Proposed,partial,-6.02,67,0.0011619091499596834
Proposed,partial,-6.02,68,0.001096385030541569
Proposed,partial,-6.02,69,0.001105460646795109
Proposed,partial,-6.02,70,0.001047578442376107
Proposed,partial,-6.02,71,0.0010795643145684152
Proposed,partial,-6.02,72,0.0010710043308790774
Proposed,partial,-6.02,73,0.0010760195611510426
Proposed,partial,-6.02,74,0.0009836574143264442
Proposed,partial,-6.02,75,0.001018930017016828
Proposed,partial,-6.02,76,0.0010099674807861447
Proposed,partial,-6.02,77,0.0009813109238166362
Proposed,partial,-6.02,78,0.000985172123182565
Proposed,partial,-6.02,79,0.0009948195656761527
Proposed,partial,-6.02,80,0.0010177665448281915
Proposed,partial,-6.02,81,0.0010222417069599033
Proposed,partial,-6.02,82,0.0010037312225904317
Proposed,partial,-6.02,83,0.0010524352081120014
Proposed,partial,-6.02,84,0.0011078229697886854
Proposed,partial,-6.02,85,0.0010257687128614635
Proposed,partial,-6.02,86,0.0011101968819275498
Proposed,partial,-6.02,87,0.0010307669639587403
Proposed,partial,-6.02,88,0.0010398155893199146
Proposed,partial,-6.02,89,0.0010778210125863552
Proposed,partial,-6.02,90,0.0011092554428614675
Proposed,partial,-6.02,91,0.0011409269238356501
Proposed,partial,-6.02,92,0.0010586286254692823
Proposed,partial,-6.02,93,0.0010592517326585948
Proposed,partial,-6.02,94,0.0010885742609389125
Proposed,partial,-6.02,95,0.0010897979547735304
Proposed,partial,-6.02,96,0.0010813282977323979
Proposed,partial,-6.02,97,0.0010067686554975808
Proposed,partial,-6.02,98,0.0010038782085757703
Proposed,partial,-6.02,99,0.0009675229550339282
Proposed,partial,-6.02,100,0.0009535022778436542
REKF,partial,-6.02,1,0.0206913808111479
REKF,partial,-6.02,2,0.0206913808111479
REKF,partial,-6.02,3,0.0206913808111479
REKF,partial,-6.02,4,0.0206913808111479
REKF,partial,-6.02,5,0.0206913808111479
REKF,partial,-6.02,6,0.0206913808111479
REKF,partial,-6.02,7,0.0206913808111479
REKF,partial,-6.02,8,0.0206913808111479
REKF,partial,-6.02,9,0.0206913808111479
REKF,partial,-6.02,10,0.0206913808111479
REKF,partial,-6.02,11,0.0206913808111479
REKF,partial,-6.02,12,0.0206913808111479
REKF,partial,-6.02,13,0.0206913808111479
REKF,partial,-6.02,14,0.0206913808111479
REKF,partial,-6.02,15,0.0206913808111479
REKF,partial,-6.02,16,0.0206913808111479
REKF,partial,-6.02,17,0.0206913808111479
REKF,partial,-6.02,18,0.0206913808111479
REKF,partial,-6.02,19,0.0206913808111479
REKF,partial,-6.02,20,0.0206913808111479
REKF,partial,-6.02,21,0.0206913808111479
REKF,partial,-6.02,22,0.0206913808111479
REKF,partial,-6.02,23,0.0206913808111479
REKF,partial,-6.02,24,0.0206913808111479
REKF,partial,-6.02,25,0.0206913808111479
REKF,partial,-6.02,26,0.0206913808111479
REKF,partial,-6.02,27,0.0206913808111479
REKF,partial,-6.02,28,0.0206913808111479
REKF,partial,-6.02,29,0.0206913808111479
REKF,partial,-6.02,30,0.0206913808111479
REKF,partial,-6.02,31,0.0206913808111479
REKF,partial,-6.02,32,0.0206913808111479
REKF,partial,-6.02,33,0.0206913808111479
REKF,partial,-6.02,34,0.0206913808111479
REKF,partial,-6.02,35,0.0206913808111479
REKF,partial,-6.02,36,0.0206913808111479
REKF,partial,-6.02,37,0.0206913808111479
REKF,partial,-6.02,38,0.0206913808111479
REKF,partial,-6.02,39,0.0206913808111479
REKF,partial,-6.02,40,0.0206913808111479
REKF,partial,-6.02,41,0.0206913808111479
REKF,partial,-6.02,42,0.0206913808111479
REKF,partial,-6.02,43,0.0206913808111479
REKF,partial,-6.02,44,0.0206913808111479
REKF,partial,-6.02,45,0.0206913808111479
REKF,partial,-6.02,46,0.0206913808111479
REKF,partial,-6.02,47,0.0206913808111479
REKF,partial,-6.02,48,0.0206913808111479
REKF,partial,-6.02,49,0.0206913808111479
REKF,partial,-6.02,50,0.0206913808111479
REKF,partial,-6.02,51,0.0206913808111479
REKF,partial,-6.02,52,0.0206913808111479
REKF,partial,-6.02,53,0.0206913808111479
REKF,partial,-6.02,54,0.0206913808111479
REKF,partial,-6.02,55,0.0206913808111479
REKF,partial,-6.02,56,0.0206913808111479
REKF,partial,-6.02,57,0.0206913808111479
REKF,partial,-6.02,58,0.0206913808111479
REKF,partial,-6.02,59,0.0206913808111479
REKF,partial,-6.02,60,0.0206913808111479
REKF,partial,-6.02,61,0.0206913808111479
REKF,partial,-6.02,62,0.0206913808111479
REKF,partial,-6.02,63,0.0206913808111479
REKF,partial,-6.02,64,0.0206913808111479
REKF,partial,-6.02,65,0.0206913808111479
REKF,partial,-6.02,66,0.0206913808111479
REKF,partial,-6.02,67,0.0206913808111479
REKF,partial,-6.02,68,0.0206913808111479
REKF,partial,-6.02,69,0.0206913808111479
REKF,partial,-6.02,70,0.0206913808111479
REKF,partial,-6.02,71,0.0206913808111479
REKF,partial,-6.02,72,0.0206913808111479
REKF,partial,-6.02,73,0.0206913808111479
REKF,partial,-6.02,74,0.0206913808111479
REKF,partial,-6.02,75,0.0206913808111479
REKF,partial,-6.02,76,0.0206913808111479
REKF,partial,-6.02,77,0.0206913808111479
REKF,partial,-6.02,78,0.0206913808111479
REKF,partial,-6.02,79,0.0206913808111479
REKF,partial,-6.02,80,0.0206913808111479
REKF,partial,-6.02,81,0.0206913808111479
REKF,partial,-6.02,82,0.0206913808111479
REKF,partial,-6.02,83,0.0206913808111479
REKF,partial,-6.02,84,0.0206913808111479
REKF,partial,-6.02,85,0.0206913808111479
REKF,partial,-6.02,86,0.0206913808111479
REKF,partial,-6.02,87,0.0206913808111479
REKF,partial,-6.02,88,0.0206913808111479
REKF,partial,-6.02,89,0.0206913808111479
REKF,partial,-6.02,90,0.0206913808111479
REKF,partial,-6.02,91,0.0206913808111479
REKF,partial,-6.02,92,0.0206913808111479
REKF,partial,-6.02,93,0.0206913808111479
REKF,partial,-6.02,94,0.0206913808111479
REKF,partial,-6.02,95,0.0206913808111479
REKF,partial,-6.02,96,0.0206913808111479
REKF,partial,-6.02,97,0.0206913808111479
REKF,partial,-6.02,98,0.0206913808111479
REKF,partial,-6.02,99,0.0206913808111479
REKF,partial,-6.02,100,0.0206913808111479
Original,full,0.0,1,0.4703956663608551
Original,full,0.0,2,0.47056972086429594
Original,full,0.0,3,0.4703599214553833
Original,full,0.0,4,0.4705318987369537
Original,full,0.0,5,0.4705793261528015
Original,full,0.0,6,0.47043349146842955
Original,full,0.0,7,0.4703680634498596
Original,full,0.0,8,0.47056464552879335
Original,full,0.0,9,0.470463889837265
Original,full,0.0,10,0.4705550730228424
Original,full,0.0,11,0.4703992038965225
Original,full,0.0,12,0.47034219801425936
Original,full,0.0,13,0.47050492465496063
Original,full,0.0,14,0.47063553631305693
Original,full,0.0,15,0.4704412281513214
Original,full,0.0,16,0.47053964138031007
Original,full,0.0,17,0.4703805148601532
Original,full,0.0,18,0.47050769329071046
Original,full,0.0,19,0.4704734355211258
Original,full,0.0,20,0.4704685151576996
Original,full,0.0,21,0.47073982656002045
Original,full,0.0,22,0.4705370545387268
Original,full,0.0,23,0.4707036197185516
Original,full,0.0,24,0.4706566661596298
Original,full,0.0,25,0.4704557120800018
Original,full,0.0,26,0.47060140669345857
Original,full,0.0,27,0.4705817550420761
Original,full,0.0,28,0.4705463767051697
Original,full,0.0,29,0.4703997433185577
Original,full,0.0,30,0.47051731646060946
Original,full,0.0,31,0.47034179270267484
Original,full,0.0,32,0.47051178216934203
Original,full,0.0,33,0.47048158645629884
Original,full,0.0,34,0.47048039436340333
Original,full,0.0,35,0.47063577771186826
Original,full,0.0,36,0.47030462622642516
Original,full,0.0,37,0.47056500017642977
Original,full,0.0,38,0.4707057476043701
Original,full,0.0,39,0.4705080986022949
Original,full,0.0,40,0.47038795053958893
Original,full,0.0,41,0.4706807225942612
Original,full,0.0,42,0.47057869136333463
Original,full,0.0,43,0.47060691714286806
Original,full,0.0,44,0.4705676794052124
Original,full,0.0,45,0.47044557332992554
Original,full,0.0,46,0.47044987678527833
Original,full,0.0,47,0.47057038843631743
Original,full,0.0,48,0.4707326918840408
Original,full,0.0,49,0.4705705285072327
Original,full,0.0,50,0.4704416424036026
Original,full,0.0,51,0.47063938677310946
Original,full,0.0,52,0.4705073207616806
Original,full,0.0,53,0.4706562578678131
Original,full,0.0,54,0.47057726681232454
Original,full,0.0,55,0.4704646795988083
Original,full,0.0,56,0.4705748498439789
Original,full,0.0,57,0.47054370045661925
Original,full,0.0,58,0.4704563647508621
Original,full,0.0,59,0.4704419165849686
Original,full,0.0,60,0.4706157654523849
Original,full,0.0,61,0.47063655257225034
Original,full,0.0,62,0.47051201164722445
Original,full,0.0,63,0.4705832898616791
Original,full,0.0,64,0.47054738700389864
Original,full,0.0,65,0.4706778258085251
Original,full,0.0,66,0.4704058438539505
Original,full,0.0,67,0.4705758601427078
Original,full,0.0,68,0.47039660811424255
Original,full,0.0,69,0.47061494886875155
Original,full,0.0,70,0.4704963147640228
Original,full,0.0,71,0.47048734724521635
Original,full,0.0,72,0.47045932710170746
Original,full,0.0,73,0.4706480771303177
Original,full,0.0,74,0.47049063742160796
Original,full,0.0,75,0.47029971778392793
Original,full,0.0,76,0.47058010995388033
Original,full,0.0,77,0.4704288005828857
Original,full,0.0,78,0.4705579519271851
Original,full,0.0,79,0.47043305933475493
Original,full,0.0,80,0.4707708299160004
Original,full,0.0,81,0.4702903479337692
Original,full,0.0,82,0.4705905467271805
Original,full,0.0,83,0.47029981911182406
Original,full,0.0,84,0.47050369083881377
Original,full,0.0,85,0.4706112504005432
Original,full,0.0,86,0.4705889791250229
Original,full,0.0,87,0.47042990028858184
Original,full,0.0,88,0.4705342262983322
Original,full,0.0,89,0.47044441401958464
Original,full,0.0,90,0.4706651270389557
Original,full,0.0,91,0.4704777956008911
Original,full,0.0,92,0.4704520583152771
Original,full,0.0,93,0.4706608265638351
Original,full,0.0,94,0.47066572606563567
Original,full,0.0,95,0.4705183207988739
Original,full,0.0,96,0.47056105434894563
Original,full,0.0,97,0.4703757107257843
Original,full,0.0,98,0.47053957879543307
Original,full,0.0,99,0.47056726813316346
Original,full,0.0,100,0.470694100856781
Proposed,full,0.0,1,0.25214550644159317
Proposed,full,0.0,2,0.13418275937438012
Proposed,full,0.0,3,0.08155739307403564
Proposed,full,0.0,4,0.0662663035094738
Proposed,full,0.0,5,0.0595366682857275
Proposed,full,0.0,6,0.058979418873786923
Proposed,full,0.0,7,0.05719841346144676
Proposed,full,0.0,8,0.05918436422944069
Proposed,full,0.0,9,0.059043227881193164
Proposed,full,0.0,10,0.05873919501900673
Proposed,full,0.0,11,0.05872874222695827
Proposed,full,0.0,12,0.05278539396822453
Proposed,full,0.0,13,0.04968707226216793
Proposed,full,0.0,14,0.05531100258231163
Proposed,full,0.0,15,0.057285573333501816
Proposed,full,0.0,16,0.061958397179841994
Proposed,full,0.0,17,0.06263713091611862
Proposed,full,0.0,18,0.05486443229019642
Proposed,full,0.0,19,0.05902380309998989
Proposed,full,0.0,20,0.059506125003099444
Proposed,full,0.0,21,0.06291059181094169
Proposed,full,0.0,22,0.06458021402359009
Proposed,full,0.0,23,0.0630508691072464
Proposed,full,0.0,24,0.06207046769559384
Proposed,full,0.0,25,0.06270948871970176
Proposed,full,0.0,26,0.06233811601996422
Proposed,full,0.0,27,0.06539525538682937
Proposed,full,0.0,28,0.06846932843327522
Proposed,full,0.0,29,0.06415526717901229
Proposed,full,0.0,30,0.06521217301487922
Proposed,full,0.0,31,0.06647848822176457
Proposed,full,0.0,32,0.061406461894512175
Proposed,full,0.0,33,0.05472954697906971
Proposed,full,0.0,34,0.05362377502024174
Proposed,full,0.0,35,0.06174549646675587
Proposed,full,0.0,36,0.0635457444936037
Proposed,full,0.0,37,0.062381666526198386
Proposed,full,0.0,38,0.059842565655708314
Proposed,full,0.0,39,0.05330761708319187
Proposed,full,0.0,40,0.05005764588713646
Proposed,full,0.0,41,0.05440342575311661
Proposed,full,0.0,42,0.055712240561842916
Proposed,full,0.0,43,0.05684608593583107
Proposed,full,0.0,44,0.052371050044894216
Proposed,full,0.0,45,0.05604021660983562
Proposed,full,0.0,46,0.05805322602391243
Proposed,full,0.0,47,0.05463459379971027
Proposed,full,0.0,48,0.0571520134806633
Proposed,full,0.0,49,0.05500270538032055
Proposed,full,0.0,50,0.053164612501859665
Proposed,full,0.0,51,0.05094794109463692
Proposed,full,0.0,52,0.051763711497187614
Proposed,full,0.0,53,0.05385105982422829
Proposed,full,0.0,54,0.0567624632269144
Proposed,full,0.0,55,0.055942746624350545
Proposed,full,0.0,56,0.05549609586596489
Proposed,full,0.0,57,0.05787758082151413
Proposed,full,0.0,58,0.05783570930361748
Proposed,full,0.0,59,0.0577886164188385
Proposed,full,0.0,60,0.05908345282077789
Proposed,full,0.0,61,0.057293856516480446
Proposed,full,0.0,62,0.05580966286361218
Proposed,full,0.0,63,0.059699677675962445
Proposed,full,0.0,64,0.057434739731252196
Proposed,full,0.0,65,0.06465594284236431
Proposed,full,0.0,66,0.0667426623404026
Proposed,full,0.0,67,0.06671719141304493
Proposed,full,0.0,68,0.060625772923231125
Proposed,full,0.0,69,0.062351469323039053
Proposed,full,0.0,70,0.05590483359992504
Proposed,full,0.0,71,0.05494940262287855
Proposed,full,0.0,72,0.05821881853044033
Proposed,full,0.0,73,0.06068331226706505
Proposed,full,0.0,74,0.05348573550581932
Proposed,full,0.0,75,0.055499857664108275
Proposed,full,0.0,76,0.055939038097858426
Proposed,full,0.0,77,0.049412041530013086
Proposed,full,0.0,78,0.05121879242360592
Proposed,full,0.0,79,0.052679383754730226
Proposed,full,0.0,80,0.05640870220959186
Proposed,full,0.0,81,0.05371161624789238
Proposed,full,0.0,82,0.052153484895825386
Proposed,full,0.0,83,0.056379953771829604
Proposed,full,0.0,84,0.061051823943853376
Proposed,full,0.0,85,0.05662209950387478
Proposed,full,0.0,86,0.05716138333082199
Proposed,full,0.0,87,0.05417754668742418
Proposed,full,0.0,88,0.05483466126024723
Proposed,full,0.0,89,0.05330509170889854
Proposed,full,0.0,90,0.05886760726571083
Proposed,full,0.0,91,0.061547326296567915
Proposed,full,0.0,92,0.052937406860291955
Proposed,full,0.0,93,0.054190737940371034
Proposed,full,0.0,94,0.057552170753479
Proposed,full,0.0,95,0.05735583957284689
Proposed,full,0.0,96,0.05556347463279963
Proposed,full,0.0,97,0.051101861707866195
Proposed,full,0.0,98,0.05161565244197845
Proposed,full,0.0,99,0.051316136866807936
Proposed,full,0.0,100,0.052054115757346156
REKF,full,0.0,1,0.0206913808111479
REKF,full,0.0,2,0.0206913808111479
REKF,full,0.0,3,0.0206913808111479
REKF,full,0.0,4,0.0206913808111479
REKF,full,0.0,5,0.0206913808111479
REKF,full,0.0,6,0.0206913808111479
REKF,full,0.0,7,0.0206913808111479
REKF,full,0.0,8,0.0206913808111479
REKF,full,0.0,9,0.0206913808111479
REKF,full,0.0,10,0.0206913808111479
REKF,full,0.0,11,0.0206913808111479
REKF,full,0.0,12,0.0206913808111479
REKF,full,0.0,13,0.0206913808111479
REKF,full,0.0,14,0.0206913808111479
REKF,full,0.0,15,0.0206913808111479
REKF,full,0.0,16,0.0206913808111479
REKF,full,0.0,17,0.0206913808111479
REKF,full,0.0,18,0.0206913808111479
REKF,full,0.0,19,0.0206913808111479
REKF,full,0.0,20,0.0206913808111479
REKF,full,0.0,21,0.0206913808111479
REKF,full,0.0,22,0.0206913808111479
REKF,full,0.0,23,0.0206913808111479
REKF,full,0.0,24,0.0206913808111479
REKF,full,0.0,25,0.0206913808111479
REKF,full,0.0,26,0.0206913808111479
REKF,full,0.0,27,0.0206913808111479
REKF,full,0.0,28,0.0206913808111479
REKF,full,0.0,29,0.0206913808111479
REKF,full,0.0,30,0.0206913808111479
REKF,full,0.0,31,0.0206913808111479
REKF,full,0.0,32,0.0206913808111479
REKF,full,0.0,33,0.0206913808111479
REKF,full,0.0,34,0.0206913808111479
REKF,full,0.0,35,0.0206913808111479
REKF,full,0.0,36,0.0206913808111479
REKF,full,0.0,37,0.0206913808111479
REKF,full,0.0,38,0.0206913808111479
REKF,full,0.0,39,0.0206913808111479
REKF,full,0.0,40,0.0206913808111479
REKF,full,0.0,41,0.0206913808111479
REKF,full,0.0,42,0.0206913808111479
REKF,full,0.0,43,0.0206913808111479
REKF,full,0.0,44,0.0206913808111479
REKF,full,0.0,45,0.0206913808111479
REKF,full,0.0,46,0.0206913808111479
REKF,full,0.0,47,0.0206913808111479
REKF,full,0.0,48,0.0206913808111479
REKF,full,0.0,49,0.0206913808111479
REKF,full,0.0,50,0.0206913808111479
REKF,full,0.0,51,0.0206913808111479
REKF,full,0.0,52,0.0206913808111479
REKF,full,0.0,53,0.0206913808111479
REKF,full,0.0,54,0.0206913808111479
REKF,full,0.0,55,0.0206913808111479
REKF,full,0.0,56,0.0206913808111479
REKF,full,0.0,57,0.0206913808111479
REKF,full,0.0,58,0.0206913808111479
REKF,full,0.0,59,0.0206913808111479
REKF,full,0.0,60,0.0206913808111479
REKF,full,0.0,61,0.0206913808111479
REKF,full,0.0,62,0.0206913808111479
REKF,full,0.0,63,0.0206913808111479
REKF,full,0.0,64,0.0206913808111479
REKF,full,0.0,65,0.0206913808111479
REKF,full,0.0,66,0.0206913808111479
REKF,full,0.0,67,0.0206913808111479
REKF,full,0.0,68,0.0206913808111479
REKF,full,0.0,69,0.0206913808111479
REKF,full,0.0,70,0.0206913808111479
REKF,full,0.0,71,0.0206913808111479
REKF,full,0.0,72,0.0206913808111479
REKF,full,0.0,73,0.0206913808111479
REKF,full,0.0,74,0.0206913808111479
REKF,full,0.0,75,0.0206913808111479
REKF,full,0.0,76,0.0206913808111479
REKF,full,0.0,77,0.0206913808111479
REKF,full,0.0,78,0.0206913808111479
REKF,full,0.0,79,0.0206913808111479
REKF,full,0.0,80,0.0206913808111479
REKF,full,0.0,81,0.0206913808111479
REKF,full,0.0,82,0.0206913808111479
REKF,full,0.0,83,0.0206913808111479
REKF,full,0.0,84,0.0206913808111479
REKF,full,0.0,85,0.0206913808111479
REKF,full,0.0,86,0.0206913808111479
REKF,full,0.0,87,0.0206913808111479
REKF,full,0.0,88,0.0206913808111479
REKF,full,0.0,89,0.0206913808111479
REKF,full,0.0,90,0.0206913808111479
REKF,full,0.0,91,0.0206913808111479
REKF,full,0.0,92,0.0206913808111479
REKF,full,0.0,93,0.0206913808111479
REKF,full,0.0,94,0.0206913808111479
REKF,full,0.0,95,0.0206913808111479
REKF,full,0.0,96,0.0206913808111479
REKF,full,0.0,97,0.0206913808111479
REKF,full,0.0,98,0.0206913808111479
REKF,full,0.0,99,0.0206913808111479
REKF,full,0.0,100,0.0206913808111479
Original,partial,0.0,1,0.47035126984119413
Original,partial,0.0,2,0.4705194354057312
Original,partial,0.0,3,0.4702714294195175
Original,partial,0.0,4,0.4704381048679352
Original,partial,0.0,5,0.4704498827457428
Original,partial,0.0,6,0.47033158838748934
Original,partial,0.0,7,0.4702424556016922
Original,partial,0.0,8,0.47044182419776914
Original,partial,0.0,9,0.47029842138290406
Original,partial,0.0,10,0.4704823225736618
Original,partial,0.0,11,0.4702982097864151
Original,partial,0.0,12,0.47028328478336334
Original,partial,0.0,13,0.47039051055908204
Original,partial,0.0,14,0.47056121826171876
Original,partial,0.0,15,0.47032894790172575
Original,partial,0.0,16,0.47040423154830935
Original,partial,0.0,17,0.4702503353357315
Original,partial,0.0,18,0.47040840685367585
Original,partial,0.0,19,0.4704048454761505
Original,partial,0.0,20,0.4703209102153778
Original,partial,0.0,21,0.47061617076396944
Original,partial,0.0,22,0.47039647698402404
Original,partial,0.0,23,0.4705497473478317
Original,partial,0.0,24,0.4705067276954651
Original,partial,0.0,25,0.470244362950325
Original,partial,0.0,26,0.4704939484596252
Original,partial,0.0,27,0.47045753300189974
Original,partial,0.0,28,0.47038987576961516
Original,partial,0.0,29,0.4703538715839386
Original,partial,0.0,30,0.47038019001483916
Original,partial,0.0,31,0.47023584842681887
Original,partial,0.0,32,0.470415335893631
Original,partial,0.0,33,0.4703331798315048
Original,partial,0.0,34,0.47035016119480133
Original,partial,0.0,35,0.4705450803041458
Original,partial,0.0,36,0.4702184617519379
Original,partial,0.0,37,0.4703940153121948
Original,partial,0.0,38,0.47056562900543214
Original,partial,0.0,39,0.47041116654872894
Original,partial,0.0,40,0.4702453911304474
Original,partial,0.0,41,0.4705519199371338
Original,partial,0.0,42,0.47046632766723634
Original,partial,0.0,43,0.4704581290483475
Original,partial,0.0,44,0.4704626590013504
Original,partial,0.0,45,0.4703264147043228
Original,partial,0.0,46,0.470357546210289
Original,partial,0.0,47,0.47044082581996916
Original,partial,0.0,48,0.4706086128950119
Original,partial,0.0,49,0.47041400372982023
Original,partial,0.0,50,0.4702702075242996
Original,partial,0.0,51,0.47051803171634676
Original,partial,0.0,52,0.47032119929790495
Original,partial,0.0,53,0.4705879509449005
Original,partial,0.0,54,0.4704744786024094
Original,partial,0.0,55,0.47033312916755676
Original,partial,0.0,56,0.4704741805791855
Original,partial,0.0,57,0.4704256892204285
Original,partial,0.0,58,0.47027706503868105
Original,partial,0.0,59,0.47032436430454255
Original,partial,0.0,60,0.4704910427331924
Original,partial,0.0,61,0.4705378979444504
Original,partial,0.0,62,0.470389649271965
Original,partial,0.0,63,0.4704698473215103
Original,partial,0.0,64,0.4703897684812546
Original,partial,0.0,65,0.4705343425273895
Original,partial,0.0,66,0.47028064727783203
Original,partial,0.0,67,0.4704389363527298
Original,partial,0.0,68,0.47030122578144073
Original,partial,0.0,69,0.4704813063144684
Original,partial,0.0,70,0.4703629642724991
Original,partial,0.0,71,0.47031641006469727
Original,partial,0.0,72,0.47037132680416105
Original,partial,0.0,73,0.47058641016483305
Original,partial,0.0,74,0.47037584483623507
Original,partial,0.0,75,0.4701995074748993
Original,partial,0.0,76,0.47044106423854826
Original,partial,0.0,77,0.470279324054718
Original,partial,0.0,78,0.4704411029815674
Original,partial,0.0,79,0.4703179508447647
Original,partial,0.0,80,0.47072899639606475
Original,partial,0.0,81,0.47021020352840426
Original,partial,0.0,82,0.4704746395349503
Original,partial,0.0,83,0.47021545469760895
Original,partial,0.0,84,0.4703947752714157
Original,partial,0.0,85,0.4705364406108856
Original,partial,0.0,86,0.47040566205978396
Original,partial,0.0,87,0.4703230977058411
Original,partial,0.0,88,0.4703841835260391
Original,partial,0.0,89,0.4703099697828293
Original,partial,0.0,90,0.47051536440849306
Original,partial,0.0,91,0.47033183872699735
Original,partial,0.0,92,0.4702884703874588
Original,partial,0.0,93,0.4705512851476669
Original,partial,0.0,94,0.470512655377388
Original,partial,0.0,95,0.47039949893951416
Original,partial,0.0,96,0.47041971385478976
Original,partial,0.0,97,0.4702585577964783
Original,partial,0.0,98,0.470417720079422
Original,partial,0.0,99,0.470473176240921
Original,partial,0.0,100,0.47061278820037844
Proposed,partial,0.0,1,0.3800197869539261
Proposed,partial,0.0,2,0.29582127630710603
Proposed,partial,0.0,3,0.20113133192062377
Proposed,partial,0.0,4,0.1819534845650196
Proposed,partial,0.0,5,0.16576169803738594
Proposed,partial,0.0,6,0.15219351202249526
Proposed,partial,0.0,7,0.14514334946870805
Proposed,partial,0.0,8,0.15269127562642099
Proposed,partial,0.0,9,0.13982125446200372
Proposed,partial,0.0,10,0.14407683685421943
Proposed,partial,0.0,11,0.1345916785299778
Proposed,partial,0.0,12,0.12220171242952346
Proposed,partial,0.0,13,0.12931364700198172
Proposed,partial,0.0,14,0.14645208269357682
Proposed,partial,0.0,15,0.1288869448006153
Proposed,partial,0.0,16,0.1315933957695961
Proposed,partial,0.0,17,0.13197664991021157
Proposed,partial,0.0,18,0.1253671318292618
Proposed,partial,0.0,19,0.1374216139316559
Proposed,partial,0.0,20,0.12555066496133804
Proposed,partial,0.0,21,0.14404269382357598
Proposed,partial,0.0,22,0.1463026858866215
Proposed,partial,0.0,23,0.1433517426252365
Proposed,partial,0.0,24,0.129565317183733
Proposed,partial,0.0,25,0.11887815892696381
Proposed,partial,0.0,26,0.11928474381566048
Proposed,partial,0.0,27,0.12202970832586288
Proposed,partial,0.0,28,0.12376275882124901
Proposed,partial,0.0,29,0.1110004186630249
Proposed,partial,0.0,30,0.1272113837301731
Proposed,partial,0.0,31,0.12893176600337028
Proposed,partial,0.0,32,0.12202306166291237
Proposed,partial,0.0,33,0.12030030265450478
Proposed,partial,0.0,34,0.12381037324666977
Proposed,partial,0.0,35,0.1337836913764477
Proposed,partial,0.0,36,0.12471534758806228
Proposed,partial,0.0,37,0.12554519698023797
Proposed,partial,0.0,38,0.12129330784082412
Proposed,partial,0.0,39,0.10492846816778183
Proposed,partial,0.0,40,0.09490653350949288
Proposed,partial,0.0,41,0.11666027754545212
Proposed,partial,0.0,42,0.11111188903450966
Proposed,partial,0.0,43,0.11196132153272628
Proposed,partial,0.0,44,0.1070994570851326
Proposed,partial,0.0,45,0.1061816729605198
Proposed,partial,0.0,46,0.1003011479973793
Proposed,partial,0.0,47,0.09901658818125725
Proposed,partial,0.0,48,0.1143090046942234
Proposed,partial,0.0,49,0.10170610547065735
Proposed,partial,0.0,50,0.09861688613891602
Proposed,partial,0.0,51,0.1061335876584053
Proposed,partial,0.0,52,0.09942914173007011
Proposed,partial,0.0,53,0.11171434186398983
Proposed,partial,0.0,54,0.10824462324380875
Proposed,partial,0.0,55,0.10259875729680061
Proposed,partial,0.0,56,0.1025976650416851
Proposed,partial,0.0,57,0.10605811402201652
Proposed,partial,0.0,58,0.10760727524757385
Proposed,partial,0.0,59,0.10310804769396782
Proposed,partial,0.0,60,0.1073779210448265
Proposed,partial,0.0,61,0.10753870457410812
Proposed,partial,0.0,62,0.10952947959303856
Proposed,partial,0.0,63,0.11562854573130607
Proposed,partial,0.0,64,0.11513030827045441
Proposed,partial,0.0,65,0.1280200384557247
Proposed,partial,0.0,66,0.11745926067233085
Proposed,partial,0.0,67,0.12671129032969475
Proposed,partial,0.0,68,0.11585314497351647
Proposed,partial,0.0,69,0.13235242441296577
Proposed,partial,0.0,70,0.12621852979063988
Proposed,partial,0.0,71,0.12977759018540383
Proposed,partial,0.0,72,0.1257751241326332
Proposed,partial,0.0,73,0.12849781885743142
Proposed,partial,0.0,74,0.11213760748505593
Proposed,partial,0.0,75,0.10681476816534996
Proposed,partial,0.0,76,0.12404954880475998
Proposed,partial,0.0,77,0.11564503461122513
Proposed,partial,0.0,78,0.12092343233525753
Proposed,partial,0.0,79,0.12165025696158409
Proposed,partial,0.0,80,0.13103556782007217
Proposed,partial,0.0,81,0.11105998307466507
Proposed,partial,0.0,82,0.1135585442185402
Proposed,partial,0.0,83,0.1133191555738449
Proposed,partial,0.0,84,0.12668369933962823
Proposed,partial,0.0,85,0.12214640602469444
Proposed,partial,0.0,86,0.1322319008409977
Proposed,partial,0.0,87,0.12011060565710067
Proposed,partial,0.0,88,0.11758868396282196
Proposed,partial,0.0,89,0.11466134935617447
Proposed,partial,0.0,90,0.1293315812945366
Proposed,partial,0.0,91,0.1254504919052124
Proposed,partial,0.0,92,0.1174023538827896
Proposed,partial,0.0,93,0.13138344064354895
Proposed,partial,0.0,94,0.1324388451874256
Proposed,partial,0.0,95,0.13156444653868676
Proposed,partial,0.0,96,0.12793875113129616
Proposed,partial,0.0,97,0.11497830674052238
Proposed,partial,0.0,98,0.12263856455683708
Proposed,partial,0.0,99,0.11750629991292953
Proposed,partial,0.0,100,0.12047943398356438
REKF,partial,0.0,1,0.23357214690901212
REKF,partial,0.0,2,0.23357214690901212
REKF,partial,0.0,3,0.23357214690901212
REKF,partial,0.0,4,0.23357214690901212
REKF,partial,0.0,5,0.23357214690901212
REKF,partial,0.0,6,0.23357214690901212
REKF,partial,0.0,7,0.23357214690901212
REKF,partial,0.0,8,0.23357214690901212
REKF,partial,0.0,9,0.23357214690901212
REKF,partial,0.0,10,0.23357214690901212
REKF,partial,0.0,11,0.23357214690901212
REKF,partial,0.0,12,0.23357214690901212
REKF,partial,0.0,13,0.23357214690901212
REKF,partial,0.0,14,0.23357214690901212
REKF,partial,0.0,15,0.23357214690901212
REKF,partial,0.0,16,0.23357214690901212
REKF,partial,0.0,17,0.23357214690901212
REKF,partial,0.0,18,0.23357214690901212
REKF,partial,0.0,19,0.23357214690901212
REKF,partial,0.0,20,0.23357214690901212
REKF,partial,0.0,21,0.23357214690901212
REKF,partial,0.0,22,0.23357214690901212
REKF,partial,0.0,23,0.23357214690901212
REKF,partial,0.0,24,0.23357214690901212
REKF,partial,0.0,25,0.23357214690901212
REKF,partial,0.0,26,0.23357214690901212
REKF,partial,0.0,27,0.23357214690901212
REKF,partial,0.0,28,0.23357214690901212
REKF,partial,0.0,29,0.23357214690901212
REKF,partial,0.0,30,0.23357214690901212
REKF,partial,0.0,31,0.23357214690901212
REKF,partial,0.0,32,0.23357214690901212
REKF,partial,0.0,33,0.23357214690901212
REKF,partial,0.0,34,0.23357214690901212
REKF,partial,0.0,35,0.23357214690901212
REKF,partial,0.0,36,0.23357214690901212
REKF,partial,0.0,37,0.23357214690901212
REKF,partial,0.0,38,0.23357214690901212
REKF,partial,0.0,39,0.23357214690901212
REKF,partial,0.0,40,0.23357214690901212
REKF,partial,0.0,41,0.23357214690901212
REKF,partial,0.0,42,0.23357214690901212
REKF,partial,0.0,43,0.23357214690901212
REKF,partial,0.0,44,0.23357214690901212
REKF,partial,0.0,45,0.23357214690901212
REKF,partial,0.0,46,0.23357214690901212
REKF,partial,0.0,47,0.23357214690901212
REKF,partial,0.0,48,0.23357214690901212
REKF,partial,0.0,49,0.23357214690901212
REKF,partial,0.0,50,0.23357214690901212
REKF,partial,0.0,51,0.23357214690901212
REKF,partial,0.0,52,0.23357214690901212
REKF,partial,0.0,53,0.23357214690901212
REKF,partial,0.0,54,0.23357214690901212
REKF,partial,0.0,55,0.23357214690901212
REKF,partial,0.0,56,0.23357214690901212
REKF,partial,0.0,57,0.23357214690901212
REKF,partial,0.0,58,0.23357214690901212
REKF,partial,0.0,59,0.23357214690901212
REKF,partial,0.0,60,0.23357214690901212
REKF,partial,0.0,61,0.23357214690901212
REKF,partial,0.0,62,0.23357214690901212
REKF,partial,0.0,63,0.23357214690901212
REKF,partial,0.0,64,0.23357214690901212
REKF,partial,0.0,65,0.23357214690901212
REKF,partial,0.0,66,0.23357214690901212
REKF,partial,0.0,67,0.23357214690901212
REKF,partial,0.0,68,0.23357214690901212
REKF,partial,0.0,69,0.23357214690901212
REKF,partial,0.0,70,0.23357214690901212
REKF,partial,0.0,71,0.23357214690901212
REKF,partial,0.0,72,0.23357214690901212
REKF,partial,0.0,73,0.23357214690901212
REKF,partial,0.0,74,0.23357214690901212
REKF,partial,0.0,75,0.23357214690901212
REKF,partial,0.0,76,0.23357214690901212
REKF,partial,0.0,77,0.23357214690901212
REKF,partial,0.0,78,0.23357214690901212
REKF,partial,0.0,79,0.23357214690901212
REKF,partial,0.0,80,0.23357214690901212
REKF,partial,0.0,81,0.23357214690901212
REKF,partial,0.0,82,0.23357214690901212
REKF,partial,0.0,83,0.23357214690901212
REKF,partial,0.0,84,0.23357214690901212
REKF,partial,0.0,85,0.23357214690901212
REKF,partial,0.0,86,0.23357214690901212
REKF,partial,0.0,87,0.23357214690901212
REKF,partial,0.0,88,0.23357214690901212
REKF,partial,0.0,89,0.23357214690901212
REKF,partial,0.0,90,0.23357214690901212
REKF,partial,0.0,91,0.23357214690901212
REKF,partial,0.0,92,0.23357214690901212
REKF,partial,0.0,93,0.23357214690901212
REKF,partial,0.0,94,0.23357214690901212
REKF,partial,0.0,95,0.23357214690901212
REKF,partial,0.0,96,0.23357214690901212
REKF,partial,0.0,97,0.23357214690901212
REKF,partial,0.0,98,0.23357214690901212
REKF,partial,0.0,99,0.23357214690901212
REKF,partial,0.0,100,0.23357214690901212
Original,full,10.0,1,0.47045970559120176
Original,full,10.0,2,0.4705538868904114
Original,full,10.0,3,0.47052058577537537
Original,full,10.0,4,0.47057588696479796
Original,full,10.0,5,0.470570957660675
Original,full,10.0,6,0.4705290853977203
Original,full,10.0,7,0.4704984873533249
Original,full,10.0,8,0.47056788504123687
Original,full,10.0,9,0.4705348610877991
Original,full,10.0,10,0.4705630660057068
Original,full,10.0,11,0.47050297260284424
Original,full,10.0,12,0.4705138921737671
Original,full,10.0,13,0.4705694913864136
Original,full,10.0,14,0.4705794930458069
Original,full,10.0,15,0.47053239345550535
Original,full,10.0,16,0.47053378224372866
Original,full,10.0,17,0.4705167800188065
Original,full,10.0,18,0.4705651789903641
Original,full,10.0,19,0.4705389767885208
Original,full,10.0,20,0.47053908705711367
Original,full,10.0,21,0.47059727609157564
Original,full,10.0,22,0.4705407828092575
Original,full,10.0,23,0.47060972154140474
Original,full,10.0,24,0.47057258188724516
Original,full,10.0,25,0.47052831649780275
Original,full,10.0,26,0.4705686688423157
Original,full,10.0,27,0.47056534588336946
Original,full,10.0,28,0.47054935693740846
Original,full,10.0,29,0.4705084502696991
Original,full,10.0,30,0.47055473923683167
Original,full,10.0,31,0.47046472430229186
Original,full,10.0,32,0.4705666959285736
Original,full,10.0,33,0.47055312991142273
Original,full,10.0,34,0.47052669823169707
Original,full,10.0,35,0.47060570418834685
Original,full,10.0,36,0.4704621136188507
Original,full,10.0,37,0.47057047486305237
Original,full,10.0,38,0.4705864369869232
Original,full,10.0,39,0.47055206298828123
Original,full,10.0,40,0.4705043494701385
Original,full,10.0,41,0.47058720886707306
Original,full,10.0,42,0.47056583166122434
Original,full,10.0,43,0.470579931139946
Original,full,10.0,44,0.47055654525756835
Original,full,10.0,45,0.4705333590507507
Original,full,10.0,46,0.4705621004104614
Original,full,10.0,47,0.47059071660041807
Original,full,10.0,48,0.4706035077571869
Original,full,10.0,49,0.4705515682697296
Original,full,10.0,50,0.4705341190099716
Original,full,10.0,51,0.4705840289592743
Original,full,10.0,52,0.4705547600984573
Original,full,10.0,53,0.4705832481384277
Original,full,10.0,54,0.470565003156662
Original,full,10.0,55,0.4705507129430771
Original,full,10.0,56,0.47059181332588196
Original,full,10.0,57,0.47056844830513
Original,full,10.0,58,0.47053027153015137
Original,full,10.0,59,0.4705118596553802
Original,full,10.0,60,0.47058176398277285
Original,full,10.0,61,0.47059182822704315
Original,full,10.0,62,0.47053379416465757
Original,full,10.0,63,0.4705586969852448
Original,full,10.0,64,0.4705572038888931
Original,full,10.0,65,0.4706003040075302
Original,full,10.0,66,0.47050181925296786
Original,full,10.0,67,0.47056111991405486
Original,full,10.0,68,0.47052074670791627
Original,full,10.0,69,0.4705421894788742
Original,full,10.0,70,0.4705401510000229
Original,full,10.0,71,0.4705468326807022
Original,full,10.0,72,0.4705147981643677
Original,full,10.0,73,0.4705834060907364
Original,full,10.0,74,0.47052786946296693
Original,full,10.0,75,0.47049783170223236
Original,full,10.0,76,0.4705694705247879
Original,full,10.0,77,0.4705285936594009
Original,full,10.0,78,0.4705516517162323
Original,full,10.0,79,0.47052452266216277
Original,full,10.0,80,0.47065211534500123
Original,full,10.0,81,0.4704920142889023
Original,full,10.0,82,0.47056783735752106
Original,full,10.0,83,0.47047524750232694
Original,full,10.0,84,0.4705411344766617
Original,full,10.0,85,0.47059476375579834
Original,full,10.0,86,0.4705780804157257
Original,full,10.0,87,0.4705328345298767
Original,full,10.0,88,0.47055925726890563
Original,full,10.0,89,0.47052010893821716
Original,full,10.0,90,0.4705925941467285
Original,full,10.0,91,0.47053705155849457
Original,full,10.0,92,0.47053849399089814
Original,full,10.0,93,0.47059653103351595
Original,full,10.0,94,0.4705828756093979
Original,full,10.0,95,0.4705366104841232
Original,full,10.0,96,0.47056191861629487
Original,full,10.0,97,0.4705104023218155
Original,full,10.0,98,0.47056453824043276
Original,full,10.0,99,0.4705784469842911
Original,full,10.0,100,0.47059169709682463
Proposed,full,10.0,1,0.41139874160289763
Proposed,full,10.0,2,0.3686366528272629
Proposed,full,10.0,3,0.3466475039720535
Proposed,full,10.0,4,0.3367979109287262
Proposed,full,10.0,5,0.33199684917926786
Proposed,full,10.0,6,0.33076742887496946
Proposed,full,10.0,7,0.3288170427083969
Proposed,full,10.0,8,0.32865639328956603
Proposed,full,10.0,9,0.3277761071920395
Proposed,full,10.0,10,0.3291313946247101
Proposed,full,10.0,11,0.32938669323921205
Proposed,full,10.0,12,0.32702708542346953
Proposed,full,10.0,13,0.32576621770858766
Proposed,full,10.0,14,0.32859603464603426
Proposed,full,10.0,15,0.3288225710391998
Proposed,full,10.0,16,0.32976600527763367
Proposed,full,10.0,17,0.32998643815517426
Proposed,full,10.0,18,0.3262826979160309
Proposed,full,10.0,19,0.32868572771549226
Proposed,full,10.0,20,0.32897081077098844
Proposed,full,10.0,21,0.3288718223571777
Proposed,full,10.0,22,0.32931351363658906
Proposed,full,10.0,23,0.32865130007266996
Proposed,full,10.0,24,0.32788572311401365
Proposed,full,10.0,25,0.32991330325603485
Proposed,full,10.0,26,0.3291454792022705
Proposed,full,10.0,27,0.3294198662042618
Proposed,full,10.0,28,0.33049039244651796
Proposed,full,10.0,29,0.3288834035396576
Proposed,full,10.0,30,0.33072108030319214
Proposed,full,10.0,31,0.33033264577388766
Proposed,full,10.0,32,0.3271671086549759
Proposed,full,10.0,33,0.3267511993646622
Proposed,full,10.0,34,0.32805316150188446
Proposed,full,10.0,35,0.3295246422290802
Proposed,full,10.0,36,0.33027110397815707
Proposed,full,10.0,37,0.32900384068489075
Proposed,full,10.0,38,0.32693043649196624
Proposed,full,10.0,39,0.32670980989933013
Proposed,full,10.0,40,0.326597785949707
Proposed,full,10.0,41,0.3283595770597458
Proposed,full,10.0,42,0.32744365334510805
Proposed,full,10.0,43,0.3285667926073074
Proposed,full,10.0,44,0.3258599996566772
Proposed,full,10.0,45,0.3285766005516052
Proposed,full,10.0,46,0.32975125014781953
Proposed,full,10.0,47,0.328380087018013
Proposed,full,10.0,48,0.32891463339328764
Proposed,full,10.0,49,0.3269818663597107
Proposed,full,10.0,50,0.32752153277397156
Proposed,full,10.0,51,0.3256092965602875
Proposed,full,10.0,52,0.32617697715759275
Proposed,full,10.0,53,0.3264835238456726
Proposed,full,10.0,54,0.3285698384046555
Proposed,full,10.0,55,0.32841909527778623
Proposed,full,10.0,56,0.3282483100891113
Proposed,full,10.0,57,0.32911902070045473
Proposed,full,10.0,58,0.32937090992927553
Proposed,full,10.0,59,0.3276808947324753
Proposed,full,10.0,60,0.3281673014163971
Proposed,full,10.0,61,0.3279410183429718
Proposed,full,10.0,62,0.32808961570262907
Proposed,full,10.0,63,0.32940360009670255
Proposed,full,10.0,64,0.32792950570583346
Proposed,full,10.0,65,0.32947078049182893
Proposed,full,10.0,66,0.32975309491157534
Proposed,full,10.0,67,0.33034875988960266
Proposed,full,10.0,68,0.32785662412643435
Proposed,full,10.0,69,0.329071643948555
Proposed,full,10.0,70,0.3271735072135925
Proposed,full,10.0,71,0.3281121224164963
Proposed,full,10.0,72,0.3280793607234955
Proposed,full,10.0,73,0.32902524173259734
Proposed,full,10.0,74,0.32606321573257446
Proposed,full,10.0,75,0.32975269556045533
Proposed,full,10.0,76,0.328092098236084
Proposed,full,10.0,77,0.3248069047927856
Proposed,full,10.0,78,0.3269381284713745
Proposed,full,10.0,79,0.3276026248931885
Proposed,full,10.0,80,0.3287646025419235
Proposed,full,10.0,81,0.3294776499271393
Proposed,full,10.0,82,0.32785376310348513
Proposed,full,10.0,83,0.3304363340139389
Proposed,full,10.0,84,0.3292765438556671
Proposed,full,10.0,85,0.3265060126781464
Proposed,full,10.0,86,0.32902249693870544
Proposed,full,10.0,87,0.3274070143699646
Proposed,full,10.0,88,0.32757597863674165
Proposed,full,10.0,89,0.3277325212955475
Proposed,full,10.0,90,0.3288852870464325
Proposed,full,10.0,91,0.3282517284154892
Proposed,full,10.0,92,0.3259788990020752
Proposed,full,10.0,93,0.3265258729457855
Proposed,full,10.0,94,0.32879809141159055
Proposed,full,10.0,95,0.32717629671096804
Proposed,full,10.0,96,0.32706892490386963
Proposed,full,10.0,97,0.3261637032032013
Proposed,full,10.0,98,0.327428811788559
Proposed,full,10.0,99,0.32648388743400575
Proposed,full,10.0,100,0.3264379113912582
REKF,full,10.0,1,0.012742749857031334
REKF,full,10.0,2,0.012742749857031334
REKF,full,10.0,3,0.012742749857031334
REKF,full,10.0,4,0.012742749857031334
REKF,full,10.0,5,0.012742749857031334
REKF,full,10.0,6,0.012742749857031334
REKF,full,10.0,7,0.012742749857031334
REKF,full,10.0,8,0.012742749857031334
REKF,full,10.0,9,0.012742749857031334
REKF,full,10.0,10,0.012742749857031334
REKF,full,10.0,11,0.012742749857031334
REKF,full,10.0,12,0.012742749857031334
REKF,full,10.0,13,0.012742749857031334
REKF,full,10.0,14,0.012742749857031334
REKF,full,10.0,15,0.012742749857031334
REKF,full,10.0,16,0.012742749857031334
REKF,full,10.0,17,0.012742749857031334
REKF,full,10.0,18,0.012742749857031334
REKF,full,10.0,19,0.012742749857031334
REKF,full,10.0,20,0.012742749857031334
REKF,full,10.0,21,0.012742749857031334
REKF,full,10.0,22,0.012742749857031334
REKF,full,10.0,23,0.012742749857031334
REKF,full,10.0,24,0.012742749857031334
REKF,full,10.0,25,0.012742749857031334
REKF,full,10.0,26,0.012742749857031334
REKF,full,10.0,27,0.012742749857031334
REKF,full,10.0,28,0.012742749857031334
REKF,full,10.0,29,0.012742749857031334
REKF,full,10.0,30,0.012742749857031334
REKF,full,10.0,31,0.012742749857031334
REKF,full,10.0,32,0.012742749857031334
REKF,full,10.0,33,0.012742749857031334
REKF,full,10.0,34,0.012742749857031334
REKF,full,10.0,35,0.012742749857031334
REKF,full,10.0,36,0.012742749857031334
REKF,full,10.0,37,0.012742749857031334
REKF,full,10.0,38,0.012742749857031334
REKF,full,10.0,39,0.012742749857031334
REKF,full,10.0,40,0.012742749857031334
REKF,full,10.0,41,0.012742749857031334
REKF,full,10.0,42,0.012742749857031334
REKF,full,10.0,43,0.012742749857031334
REKF,full,10.0,44,0.012742749857031334
REKF,full,10.0,45,0.012742749857031334
REKF,full,10.0,46,0.012742749857031334
REKF,full,10.0,47,0.012742749857031334
REKF,full,10.0,48,0.012742749857031334
REKF,full,10.0,49,0.012742749857031334
REKF,full,10.0,50,0.012742749857031334
REKF,full,10.0,51,0.012742749857031334
REKF,full,10.0,52,0.012742749857031334
REKF,full,10.0,53,0.012742749857031334
REKF,full,10.0,54,0.012742749857031334
REKF,full,10.0,55,0.012742749857031334
REKF,full,10.0,56,0.012742749857031334
REKF,full,10.0,57,0.012742749857031334
REKF,full,10.0,58,0.012742749857031334
REKF,full,10.0,59,0.012742749857031334
REKF,full,10.0,60,0.012742749857031334
REKF,full,10.0,61,0.012742749857031334
REKF,full,10.0,62,0.012742749857031334
REKF,full,10.0,63,0.012742749857031334
REKF,full,10.0,64,0.012742749857031334
REKF,full,10.0,65,0.012742749857031334
REKF,full,10.0,66,0.012742749857031334
REKF,full,10.0,67,0.012742749857031334
REKF,full,10.0,68,0.012742749857031334
REKF,full,10.0,69,0.012742749857031334
REKF,full,10.0,70,0.012742749857031334
REKF,full,10.0,71,0.012742749857031334
REKF,full,10.0,72,0.012742749857031334
REKF,full,10.0,73,0.012742749857031334
REKF,full,10.0,74,0.012742749857031334
REKF,full,10.0,75,0.012742749857031334
REKF,full,10.0,76,0.012742749857031334
REKF,full,10.0,77,0.012742749857031334
REKF,full,10.0,78,0.012742749857031334
REKF,full,10.0,79,0.012742749857031334
REKF,full,10.0,80,0.012742749857031334
REKF,full,10.0,81,0.012742749857031334
REKF,full,10.0,82,0.012742749857031334
REKF,full,10.0,83,0.012742749857031334
REKF,full,10.0,84,0.012742749857031334
REKF,full,10.0,85,0.012742749857031334
REKF,full,10.0,86,0.012742749857031334
REKF,full,10.0,87,0.012742749857031334
REKF,full,10.0,88,0.012742749857031334
REKF,full,10.0,89,0.012742749857031334
REKF,full,10.0,90,0.012742749857031334
REKF,full,10.0,91,0.012742749857031334
REKF,full,10.0,92,0.012742749857031334
REKF,full,10.0,93,0.012742749857031334
REKF,full,10.0,94,0.012742749857031334
REKF,full,10.0,95,0.012742749857031334
REKF,full,10.0,96,0.012742749857031334
REKF,full,10.0,97,0.012742749857031334
REKF,full,10.0,98,0.012742749857031334
REKF,full,10.0,99,0.012742749857031334
REKF,full,10.0,100,0.012742749857031334
Original,partial,10.0,1,0.4704224169254303
Original,partial,10.0,2,0.4705230683088303
Original,partial,10.0,3,0.4704112023115158
Original,partial,10.0,4,0.47044152915477755
Original,partial,10.0,5,0.4704288840293884
Original,partial,10.0,6,0.4703815996646881
Original,partial,10.0,7,0.47035962641239165
Original,partial,10.0,8,0.47044188976287843
Original,partial,10.0,9,0.4703840553760529
Original,partial,10.0,10,0.4704431414604187
Original,partial,10.0,11,0.47036958634853365
Original,partial,10.0,12,0.4703513205051422
Original,partial,10.0,13,0.47044652998447417
Original,partial,10.0,14,0.470480939745903
Original,partial,10.0,15,0.47040616869926455
Original,partial,10.0,16,0.47039638459682465
Original,partial,10.0,17,0.47035651803016665
Original,partial,10.0,18,0.47042969465255735
Original,partial,10.0,19,0.4704210698604584
Original,partial,10.0,20,0.47038393616676333
Original,partial,10.0,21,0.47049330472946166
Original,partial,10.0,22,0.4704113781452179
Original,partial,10.0,23,0.470480751991272
Original,partial,10.0,24,0.4704588294029236
Original,partial,10.0,25,0.4703657001256943
Original,partial,10.0,26,0.4704336851835251
Original,partial,10.0,27,0.4704409807920456
Original,partial,10.0,28,0.4704008221626282
Original,partial,10.0,29,0.47037455439567566
Original,partial,10.0,30,0.47039211094379424
Original,partial,10.0,31,0.4703361243009567
Original,partial,10.0,32,0.47044543623924256
Original,partial,10.0,33,0.47041461169719695
Original,partial,10.0,34,0.4704275578260422
Original,partial,10.0,35,0.47048686146736146
Original,partial,10.0,36,0.47033497095108034
Original,partial,10.0,37,0.4704264014959335
Original,partial,10.0,38,0.470499587059021
Original,partial,10.0,39,0.47041811645030973
Original,partial,10.0,40,0.47034867107868195
Original,partial,10.0,41,0.47047125101089476
Original,partial,10.0,42,0.4704779744148254
Original,partial,10.0,43,0.4704448878765106
Original,partial,10.0,44,0.47045608460903166
Original,partial,10.0,45,0.4703827977180481
Original,partial,10.0,46,0.47038758397102354
Original,partial,10.0,47,0.47043741345405576
Original,partial,10.0,48,0.4705028414726257
Original,partial,10.0,49,0.47044277787208555
Original,partial,10.0,50,0.47037009298801424
Original,partial,10.0,51,0.4704725623130798
Original,partial,10.0,52,0.47041084468364713
Original,partial,10.0,53,0.4704788476228714
Original,partial,10.0,54,0.4704344689846039
Original,partial,10.0,55,0.47042239308357237
Original,partial,10.0,56,0.47045120000839236
Original,partial,10.0,57,0.4704229712486267
Original,partial,10.0,58,0.47038511633872987
Original,partial,10.0,59,0.4703985393047333
Original,partial,10.0,60,0.47045899033546446
Original,partial,10.0,61,0.4704693019390106
Original,partial,10.0,62,0.47042293548583985
Original,partial,10.0,63,0.470428603887558
Original,partial,10.0,64,0.4704369604587555
Original,partial,10.0,65,0.4704897224903107
Original,partial,10.0,66,0.47035408318042754
Original,partial,10.0,67,0.4704283505678177
Original,partial,10.0,68,0.47038681209087374
Original,partial,10.0,69,0.4704324990510941
Original,partial,10.0,70,0.47042102813720704
Original,partial,10.0,71,0.4703859716653824
Original,partial,10.0,72,0.4703980594873428
Original,partial,10.0,73,0.4704735934734344
Original,partial,10.0,74,0.47042987644672396
Original,partial,10.0,75,0.470295587182045
Original,partial,10.0,76,0.4704483151435852
Original,partial,10.0,77,0.4704123467206955
Original,partial,10.0,78,0.47040328085422517
Original,partial,10.0,79,0.470382496714592
Original,partial,10.0,80,0.47056299448013306
Original,partial,10.0,81,0.4703245222568512
Original,partial,10.0,82,0.4704514741897583
Original,partial,10.0,83,0.470326566696167
Original,partial,10.0,84,0.47042163610458376
Original,partial,10.0,85,0.47050853371620177
Original,partial,10.0,86,0.4704324960708618
Original,partial,10.0,87,0.47040397226810454
Original,partial,10.0,88,0.4704144924879074
Original,partial,10.0,89,0.4703849941492081
Original,partial,10.0,90,0.47047560214996337
Original,partial,10.0,91,0.470421239733696
Original,partial,10.0,92,0.47038754224777224
Original,partial,10.0,93,0.4705005407333374
Original,partial,10.0,94,0.4704552203416824
Original,partial,10.0,95,0.47041701078414916
Original,partial,10.0,96,0.47042460441589357
Original,partial,10.0,97,0.4703507959842682
Original,partial,10.0,98,0.4704099029302597
Original,partial,10.0,99,0.47045332193374634
Original,partial,10.0,100,0.47049498558044434
Proposed,partial,10.0,1,0.7838763892650604
Proposed,partial,10.0,2,0.9167121767997741
Proposed,partial,10.0,3,0.9657671749591827
Proposed,partial,10.0,4,0.9812159776687622
Proposed,partial,10.0,5,0.9877939462661743
Proposed,partial,10.0,6,0.9906587660312652
Proposed,partial,10.0,7,0.9930734276771546
Proposed,partial,10.0,8,0.9936224281787872
Proposed,partial,10.0,9,0.9946117162704468
Proposed,partial,10.0,10,0.9942771136760712
Proposed,partial,10.0,11,0.9948728263378144
Proposed,partial,10.0,12,0.9948969125747681
Proposed,partial,10.0,13,0.995015549659729
Proposed,partial,10.0,14,0.9946054935455322
Proposed,partial,10.0,15,0.9946492791175843
Proposed,partial,10.0,16,0.9948095858097077
Proposed,partial,10.0,17,0.9945510566234589
Proposed,partial,10.0,18,0.9951058685779571
Proposed,partial,10.0,19,0.994990348815918
Proposed,partial,10.0,20,0.9948494017124176
Proposed,partial,10.0,21,0.994917768239975
Proposed,partial,10.0,22,0.9950457215309143
Proposed,partial,10.0,23,0.9946334600448609
Proposed,partial,10.0,24,0.9950025975704193
Proposed,partial,10.0,25,0.994759202003479
Proposed,partial,10.0,26,0.9945618629455566
Proposed,partial,10.0,27,0.9944960713386536
Proposed,partial,10.0,28,0.9945336580276489
Proposed,partial,10.0,29,0.9948127567768097
Proposed,partial,10.0,30,0.9942136943340302
Proposed,partial,10.0,31,0.9942416548728943
Proposed,partial,10.0,32,0.9943866610527039
Proposed,partial,10.0,33,0.9946299850940704
Proposed,partial,10.0,34,0.994897085428238
Proposed,partial,10.0,35,0.9945795238018036
Proposed,partial,10.0,36,0.9946447789669037
Proposed,partial,10.0,37,0.9948221385478974
Proposed,partial,10.0,38,0.9951642692089081
Proposed,partial,10.0,39,0.9952966690063476
Proposed,partial,10.0,40,0.9955675601959229
Proposed,partial,10.0,41,0.9954868614673614
Proposed,partial,10.0,42,0.9956158101558685
Proposed,partial,10.0,43,0.9956147968769073
Proposed,partial,10.0,44,0.9960199415683746
Proposed,partial,10.0,45,0.9954012095928192
Proposed,partial,10.0,46,0.9944422483444214
Proposed,partial,10.0,47,0.994573849439621
Proposed,partial,10.0,48,0.9943928897380829
Proposed,partial,10.0,49,0.9952948927879334
Proposed,partial,10.0,50,0.9954239964485169
Proposed,partial,10.0,51,0.9956900835037231
Proposed,partial,10.0,52,0.9958934187889099
Proposed,partial,10.0,53,0.995681893825531
Proposed,partial,10.0,54,0.9951842129230499
Proposed,partial,10.0,55,0.9948284745216369
Proposed,partial,10.0,56,0.994975471496582
Proposed,partial,10.0,57,0.994604742527008
Proposed,partial,10.0,58,0.9950161755084992
Proposed,partial,10.0,59,0.9948887467384339
Proposed,partial,10.0,60,0.9947581470012665
Proposed,partial,10.0,61,0.9948424935340882
Proposed,partial,10.0,62,0.9950616240501404
Proposed,partial,10.0,63,0.9949140310287475
Proposed,partial,10.0,64,0.9950534224510192
Proposed,partial,10.0,65,0.9947919487953186
Proposed,partial,10.0,66,0.9947139918804169
Proposed,partial,10.0,67,0.9938698172569275
Proposed,partial,10.0,68,0.994771295785904
Proposed,partial,10.0,69,0.9939858257770539
Proposed,partial,10.0,70,0.9946489632129669
Proposed,partial,10.0,71,0.9944825291633606
Proposed,partial,10.0,72,0.9941926181316376
Proposed,partial,10.0,73,0.9942382872104645
Proposed,partial,10.0,74,0.9948983490467072
Proposed,partial,10.0,75,0.9945050776004791
Proposed,partial,10.0,76,0.9946345746517181
Proposed,partial,10.0,77,0.995391207933426
Proposed,partial,10.0,78,0.9950766623020172
Proposed,partial,10.0,79,0.9948619842529297
Proposed,partial,10.0,80,0.993414556980133
Proposed,partial,10.0,81,0.993694394826889
Proposed,partial,10.0,82,0.9938855051994324
Proposed,partial,10.0,83,0.9937692701816558
Proposed,partial,10.0,84,0.9945976197719574
Proposed,partial,10.0,85,0.9946372330188751
Proposed,partial,10.0,86,0.9945819139480591
Proposed,partial,10.0,87,0.9947731673717499
Proposed,partial,10.0,88,0.995038902759552
Proposed,partial,10.0,89,0.9953458309173584
Proposed,partial,10.0,90,0.995083487033844
Proposed,partial,10.0,91,0.9955213069915771
Proposed,partial,10.0,92,0.9958958268165589
Proposed,partial,10.0,93,0.9955052018165589
Proposed,partial,10.0,94,0.9952440977096557
Proposed,partial,10.0,95,0.9954760313034058
Proposed,partial,10.0,96,0.99544358253479
Proposed,partial,10.0,97,0.9954169869422913
Proposed,partial,10.0,98,0.9949274122714996
Proposed,partial,10.0,99,0.9947400271892548
Proposed,partial,10.0,100,0.9949132025241851
REKF,partial,10.0,1,1.0
REKF,partial,10.0,2,1.0
REKF,partial,10.0,3,1.0
REKF,partial,10.0,4,1.0
REKF,partial,10.0,5,1.0
REKF,partial,10.0,6,1.0
REKF,partial,10.0,7,1.0
REKF,partial,10.0,8,1.0
REKF,partial,10.0,9,1.0
REKF,partial,10.0,10,1.0
REKF,partial,10.0,11,1.0
REKF,partial,10.0,12,1.0
REKF,partial,10.0,13,1.0
REKF,partial,10.0,14,1.0
REKF,partial,10.0,15,1.0
REKF,partial,10.0,16,1.0
REKF,partial,10.0,17,1.0
REKF,partial,10.0,18,1.0
REKF,partial,10.0,19,1.0
REKF,partial,10.0,20,1.0
REKF,partial,10.0,21,1.0
REKF,partial,10.0,22,1.0
REKF,partial,10.0,23,1.0
REKF,partial,10.0,24,1.0
REKF,partial,10.0,25,1.0
REKF,partial,10.0,26,1.0
REKF,partial,10.0,27,1.0
REKF,partial,10.0,28,1.0
REKF,partial,10.0,29,1.0
REKF,partial,10.0,30,1.0
REKF,partial,10.0,31,1.0
REKF,partial,10.0,32,1.0
REKF,partial,10.0,33,1.0
REKF,partial,10.0,34,1.0
REKF,partial,10.0,35,1.0
REKF,partial,10.0,36,1.0
REKF,partial,10.0,37,1.0
REKF,partial,10.0,38,1.0
REKF,partial,10.0,39,1.0
REKF,partial,10.0,40,1.0
REKF,partial,10.0,41,1.0
REKF,partial,10.0,42,1.0
REKF,partial,10.0,43,1.0
REKF,partial,10.0,44,1.0
REKF,partial,10.0,45,1.0
REKF,partial,10.0,46,1.0
REKF,partial,10.0,47,1.0
REKF,partial,10.0,48,1.0
REKF,partial,10.0,49,1.0
REKF,partial,10.0,50,1.0
REKF,partial,10.0,51,1.0
REKF,partial,10.0,52,1.0
REKF,partial,10.0,53,1.0
REKF,partial,10.0,54,1.0
REKF,partial,10.0,55,1.0
REKF,partial,10.0,56,1.0
REKF,partial,10.0,57,1.0
REKF,partial,10.0,58,1.0
REKF,partial,10.0,59,1.0
REKF,partial,10.0,60,1.0
REKF,partial,10.0,61,1.0
REKF,partial,10.0,62,1.0
REKF,partial,10.0,63,1.0
REKF,partial,10.0,64,1.0
REKF,partial,10.0,65,1.0
REKF,partial,10.0,66,1.0
REKF,partial,10.0,67,1.0
REKF,partial,10.0,68,1.0
REKF,partial,10.0,69,1.0
REKF,partial,10.0,70,1.0
REKF,partial,10.0,71,1.0
REKF,partial,10.0,72,1.0
REKF,partial,10.0,73,1.0
REKF,partial,10.0,74,1.0
REKF,partial,10.0,75,1.0
REKF,partial,10.0,76,1.0
REKF,partial,10.0,77,1.0
REKF,partial,10.0,78,1.0
REKF,partial,10.0,79,1.0
REKF,partial,10.0,80,1.0
REKF,partial,10.0,81,1.0
REKF,partial,10.0,82,1.0
REKF,partial,10.0,83,1.0
REKF,partial,10.0,84,1.0
REKF,partial,10.0,85,1.0
REKF,partial,10.0,86,1.0
REKF,partial,10.0,87,1.0
REKF,partial,10.0,88,1.0
REKF,partial,10.0,89,1.0
REKF,partial,10.0,90,1.0
REKF,partial,10.0,91,1.0
REKF,partial,10.0,92,1.0
REKF,partial,10.0,93,1.0
REKF,partial,10.0,94,1.0
REKF,partial,10.0,95,1.0
REKF,partial,10.0,96,1.0
REKF,partial,10.0,97,1.0
REKF,partial,10.0,98,1.0
REKF,partial,10.0,99,1.0
REKF,partial,10.0,100,1.0
